Event_Name,Event_DateTime,Venue,new_stubhub_id,old_mapping_id,extra
 Atlanta Braves vs. Washington Nationals,2026-05-22T19:15:00.000Z,"Truist Park, Atlanta, GA",159262123,5964629,
 Atlanta Braves vs. Washington Nationals,2026-05-24T16:10:00.000Z,"Truist Park, Atlanta, GA",159262125,5964648,
 Chicago White Sox vs. Detroit Tigers,2026-05-29T18:40:00.000Z,"Rate Field, Chicago, IL",159263372,5964807,
 Chicago White Sox vs. Detroit Tigers,2026-05-30T13:10:00.000Z,"Rate Field, Chicago, IL",159263373,5964814,
 Chicago White Sox vs. Detroit Tigers,2026-05-31T13:10:00.000Z,"Rate Field, Chicago, IL",159263374,5964819,
 Chicago White Sox vs. Minnesota Twins,2026-05-26T18:40:00.000Z,"Rate Field, Chicago, IL",159263369,5964777,
 Chicago White Sox vs. Minnesota Twins,2026-05-27T18:40:00.000Z,"Rate Field, Chicago, IL",159263370,5964792,
 Chicago White Sox vs. Minnesota Twins,2026-05-28T13:10:00.000Z,"Rate Field, Chicago, IL",159263371,5964799,
101x Concert Series Jimmy Eat World Austin,2026-09-09T18:30:00.000Z,"Moody Amphitheater, Austin, TX",160466533,6640860,
2026 Nascar Craftsman Truck Series Championship Homestead,2026-11-06T19:00:00.000Z,"Homestead Miami Speedway, Homestead, FL",159218371,5930542,
2026 Nascar Cup Series Championship Homestead,2026-11-08T19:00:00.000Z,"Homestead Miami Speedway, Homestead, FL",158286617,5753564,
2026 Nascar Cup Series Iowa Corn Newton,2026-08-09T14:30:00.000Z,"Iowa Speedway, Newton, IA",159211984,5954164,
2026 Nascar Oreilly Auto Parts Series Homestead,2026-11-07T19:00:00.000Z,"Homestead Miami Speedway, Homestead, FL",159240446,5954528,
2026 Nascar Oreilly Auto Parts Series Newton,2026-08-08T16:00:00.000Z,"Iowa Speedway, Newton, IA",159215628,5954451,
925 Xtu Anniversary Show Hardy The Camden New,2026-06-27T19:00:00.000Z,"Freedom Mortgage Pavilion , Camden, NJ",159570016,6120937,
971 The Eagle Presents Five Finger Fort Worth,2026-09-30T18:45:00.000Z,"Dickies Arena, Fort Worth, TX",160261721,6517251,
98 Rock Presents Staind Break The Wheatland,2026-10-09T19:00:00.000Z,"Toyota Amphitheatre, Wheatland, CA",160416565,6614450,
Aap Rocky Dont Be Dumb World Atlanta,2026-06-11T19:00:00.000Z,"State Farm Arena, Atlanta, GA",160312258,6547591,
Aap Rocky Dont Be Dumb World Baltimore,2026-06-08T19:00:00.000Z,"CFG Bank Arena, Baltimore, MD",160312302,6547508,
Aap Rocky Dont Be Dumb World Boston,2026-06-02T19:30:00.000Z,"TD Garden, Boston, MA",160312255,6547575,
Aap Rocky Dont Be Dumb World Charlotte North,2026-06-12T19:00:00.000Z,"Spectrum Center, Charlotte, NC",160312259,6547599,
Aap Rocky Dont Be Dumb World Chicago,2026-05-27T19:30:00.000Z,"United Center, Chicago, IL",160312253,6547567,
Aap Rocky Dont Be Dumb World Dallas,2026-06-18T19:00:00.000Z,"American Airlines Center, Dallas, TX",160312303,6547565,
Aap Rocky Dont Be Dumb World Detroit,2026-07-08T19:00:00.000Z,"Little Caesars Arena, Detroit, MI",160312247,6547605,
Aap Rocky Dont Be Dumb World Inglewood,2026-06-27T19:00:00.000Z,"Kia Forum, Inglewood, CA",160312306,6547623,
Aap Rocky Dont Be Dumb World Miami,2026-06-15T19:00:00.000Z,"Kaseya Center, Miami, FL",160312307,6547613,
Aap Rocky Dont Be Dumb World Newark New,2026-07-11T19:00:00.000Z,"Prudential Center, Newark, NJ",160312251,6547631,
Aap Rocky Dont Be Dumb World Orlando,2026-06-14T19:00:00.000Z,"Kia Center, Orlando, FL",160312304,6547609,
Aap Rocky Dont Be Dumb World Philadelphia,2026-06-04T19:30:00.000Z,"Xfinity Mobile Arena, Philadelphia, PA",160312263,6547585,
Aap Rocky Dont Be Dumb World Phoenix,2026-06-23T19:00:00.000Z,"Mortgage Matchup Center, Phoenix, AZ",160312260,6547617,
Aap Rocky Dont Be Dumb World San Francisco,2026-06-25T19:00:00.000Z,"Chase Center, SAN FRANCISCO, CA",160312246,6547619,
Aap Rocky Dont Be Dumb World Seattle,2026-06-30T19:00:00.000Z,"Climate Pledge Arena, Seattle, WA",160312309,6547626,
Aaron Lewis And The Stateliners 2026 Bristol,2026-06-06T20:00:00.000Z,"Hard Rock Live Bristol, Bristol, VA",160262868,6518551,
Aaron Lewis And The Stateliners 2026 Durant,2026-06-19T20:00:00.000Z,"Choctaw Grand Theater, Durant, OK",159682049,6168179,
AC/DC - POWER UP TOUR 2026,2026-07-15T19:00:00.000Z,"Ohio Stadium, Columbus, OH",159783930,6246074,
AC/DC - POWER UP TOUR 2026,2026-07-24T19:00:00.000Z,"Alamodome, San Antonio, TX",159783993,6246082,
AC/DC - POWER UP TOUR 2026,2026-07-28T19:00:00.000Z,"Empower Field At Mile High, Denver, CO",159783996,6246088,
AC/DC - POWER UP TOUR 2026,2026-08-05T19:00:00.000Z,"Levi'sÂ® Stadium, Santa Clara, CA",159784006,6246106,
AC/DC - POWER UP TOUR 2026,2026-08-27T19:00:00.000Z,"Mercedes-Benz Stadium, Atlanta, GA",159784012,6246112,
AC/DC - POWER UP TOUR 2026,2026-08-31T19:00:00.000Z,"NRG Stadium, Houston, TX",159784024,6246118,
AC/DC - POWER UP TOUR 2026,2026-09-04T19:30:00.000Z,"Notre Dame Stadium, South Bend, IN",159783928,6246126,
AC/DC - POWER UP TOUR 2026,2026-09-08T19:00:00.000Z,"The Dome at America's Center, SAINT LOUIS, MO",159784033,6246132,
AC/DC - POWER UP TOUR 2026,2026-09-25T19:00:00.000Z,"MetLife Stadium, East Rutherford, NJ",159784040,6246136,
AC/DC - POWER UP TOUR 2026,2026-09-29T19:00:00.000Z,"Lincoln Financial Field, Philadelphia, PA",159784055,6246138,
Ac/dc Power Up Tour 2026 Charlotte North,2026-07-11T19:00:00.000Z,"Bank of America Stadium, Charlotte, NC",159783826,6246068,
Ac/dc Power Up Tour 2026 Las Vegas,2026-08-01T19:00:00.000Z,"Allegiant Stadium, LAS VEGAS, NV",159784001,6246096,
Air Supply Asheville North,2026-07-09T19:00:00.000Z,"Harrah's Cherokee Center - Asheville, Asheville, NC",160457330,6637645,
Air Supply Detroit,2026-07-31T20:00:00.000Z,"Music Hall Center, Detroit, MI",160380428,6596599,
Air Supply Greensboro North,2026-07-10T20:00:00.000Z,"Steven Tanger Center for the Performing Arts, Greensboro, NC",160252516,6513957,
Air Supply Las Vegas,2026-09-04T19:00:00.000Z,"Westgate Las Vegas Resort & Casino, Las Vegas, NV",159611887,6135946,
Air Supply Las Vegas,2026-09-05T19:00:00.000Z,"Westgate Las Vegas Resort & Casino, Las Vegas, NV",159611886,6135945,
Akaash Singh Generational Triumph Tour Minneapolis,2026-10-02T19:00:00.000Z,"Uptown Theater Minneapolis, Minneapolis, MN",159925299,6064432,
Alabama Shakes And Tedeschi Trucks Band Cincinnati,2026-08-26T18:00:00.000Z,"Riverbend Music Center, Cincinnati, OH",160345492,6570081,
Alabama Shakes And Tedeschi Trucks Band Maryland Heights,2026-08-23T19:30:00.000Z,"Hollywood Casino Amphitheater, Maryland Heights, MO",160342153,6570077,
Alex Warren Presents Little Orphan Alex Atlanta,2026-06-25T19:30:00.000Z,"State Farm Arena, Atlanta, GA",159873234,6300647,
Alex Warren Presents Little Orphan Alex Charlotte North,2026-06-26T19:30:00.000Z,"Spectrum Center, Charlotte, NC",159873269,6300622,
Alex Warren Presents Little Orphan Alex Detroit,2026-07-05T19:30:00.000Z,"Little Caesars Arena, Detroit, MI",159873235,6300683,
Alex Warren Presents Little Orphan Alex Fort Worth,2026-05-29T19:30:00.000Z,"Dickies Arena, Fort Worth, TX",159873222,6300645,
Alex Warren Presents Little Orphan Alex Kansas City,2026-06-21T19:00:00.000Z,"T-Mobile Center, Kansas City, MO",159873221,6300593,
Alex Warren Presents Little Orphan Alex Los Angeles,2026-06-06T19:30:00.000Z,"Crypto.com Arena, Los Angeles, CA",159873224,6300612,
Alex Warren Presents Little Orphan Alex Milwaukee,2026-07-03T19:00:00.000Z,"American Family Insurance Amphitheater - Summerfest Grounds, Milwaukee, WI",159873233,6300697,
Alex Warren Presents Little Orphan Alex Nashville,2026-05-25T19:30:00.000Z,"Bridgestone Arena, Nashville, TN",159873272,6300589,
Alex Warren Presents Little Orphan Alex Omaha,2026-06-19T19:30:00.000Z,"CHI Health Center Omaha, Omaha, NE",159873268,6300669,
Alex Warren Presents Little Orphan Alex Phoenix,2026-06-05T19:30:00.000Z,"Mortgage Matchup Center, Phoenix, AZ",159873226,6300673,
Alex Warren Presents Little Orphan Alex Pittsburgh,2026-06-23T19:30:00.000Z,"PPG Paints Arena, Pittsburgh, PA",159873227,6300675,
Alex Warren Presents Little Orphan Alex Portland,2026-06-12T19:30:00.000Z,"Moda Center, Portland, OR",159873223,6300651,
Alex Warren Presents Little Orphan Alex Saint Paul,2026-07-02T19:30:00.000Z,"Grand Casino Arena, Saint Paul, MN",159873220,6300695,
Alex Warren Presents Little Orphan Alex San Diego,2026-06-08T19:30:00.000Z,"Viejas Arena at Aztec Bowl San Diego State University, San Diego, CA",159873460,6300667,
Alex Warren Presents Little Orphan Alex Seattle,2026-06-13T19:30:00.000Z,"Climate Pledge Arena, Seattle, WA",159873237,6300671,
Ali Siddiq Ages 21 Over Waterloo New,2026-05-22T19:30:00.000Z,"del Lago Resort & Casino, Waterloo, NY",160313693,6552095,
Ali Siddiq The Custom Fit Tour Albuquerque New,2026-05-30T19:00:00.000Z,"Kiva Auditorium at the Albuquerque Convention Center, Albuquerque, NM",160313553,6548325,
Ali Siddiq The Custom Fit Tour Corpus Christi,2026-06-27T19:00:00.000Z,"Selena Auditorium, Corpus Christi, TX",160328103,6548354,
Ali Siddiq The Custom Fit Tour Detroit,2026-06-06T19:00:00.000Z,"Fox Theatre Detroit, Detroit, MI",160313590,6548333,
Ali Siddiq The Custom Fit Tour Jackson,2026-06-13T19:00:00.000Z,"Mississippi Coliseum, Jackson, MS",160315320,6548338,
Ali Siddiq The Custom Fit Tour Mobile,2026-06-12T19:00:00.000Z,"Saenger Theatre Mobile, Mobile, AL",160323395,6548336,
Ali Siddiq The Custom Fit Tour Shreveport,2026-06-20T19:00:00.000Z,"Shreveport Municipal Memorial Auditorium, Shreveport, LA",160313736,6548349,
Ali Siddiq The Custom Fit Tour Tucson,2026-05-29T19:00:00.000Z,"Rialto Theatre-Tucson, Tucson, AZ",160313714,6548320,
An Evening With Goose ,2026-06-19T19:00:00.000Z,"Madison Square Garden, New York, NY",160252879,6523272,
An Evening With Goose Columbia,2026-06-28T19:00:00.000Z,"Merriweather Post Pavilion, Columbia, MD",160355807,6580705,
An Evening With Goose Raleigh North,2026-06-26T19:00:00.000Z,"Red Hat Amphitheater, Raleigh, NC",160356350,6580709,
An Evening With Goose Reno,2026-08-16T19:00:00.000Z,"Grand Sierra Resort and Casino, Reno, NV",160356435,6580890,
An Evening With Goose San Diego,2026-08-13T19:00:00.000Z,"Cal Coast Credit Union Open Air Theatre at SDSU, San Diego, CA",160356427,6580886,
An Intimate Evening With David Foster,2027-01-27T19:30:00.000Z,"Hackensack Meridian Health Theatre at the Count Basie Center , Red Bank, NJ",159476635,6072974,
An Intimate Evening With David Foster Bristol,2026-10-03T20:00:00.000Z,"Hard Rock Live Bristol, Bristol, VA",159429926,6041786,
Andrea Bocelli,2026-12-21T20:00:00.000Z,"PPG Paints Arena, Pittsburgh, PA",160385015,6594362,
Andrea Bocelli Romanza 30th Anniversary World Boston,2026-12-10T20:00:00.000Z,"TD Garden, Boston, MA",160385014,6594344,
Andrea Bocelli Romanza 30th Anniversary World Buffalo New,2026-12-11T20:00:00.000Z,"KeyBank Center, Buffalo, NY",160385017,6594348,
Andrea Bocelli Romanza 30th Anniversary World Hollywood,2026-09-15T20:00:00.000Z,"Hollywood Bowl, Hollywood, CA",160384903,6594328,
Andrea Bocelli Romanza 30th Anniversary World Hollywood,2026-09-16T19:00:00.000Z,"Hollywood Bowl, Hollywood, CA",160384902,6594332,
Andrea Bocelli Romanza 30th Anniversary World New York New,2026-12-16T20:00:00.000Z,"Madison Square Garden, New York, NY",160385012,6594354,
Andrea Bocelli Romanza 30th Anniversary World New York New,2026-12-17T19:00:00.000Z,"Madison Square Garden, New York, NY",160385013,6594488,
Andrea Bocelli Romanza 30th Anniversary World Philadelphia,2026-12-22T20:00:00.000Z,"Xfinity Mobile Arena, Philadelphia, PA",160384904,6594366,
Andrea Bocelli Romanza 30th Anniversary World Portland,2026-09-09T20:00:00.000Z,"Moda Center, Portland, OR",160385016,6594312,
Andrea Bocelli Romanza 30th Anniversary World Sacramento,2026-09-12T20:00:00.000Z,"Golden 1 Center, Sacramento, CA",160384899,6594316,
Andrea Bocelli Romanza 30th Anniversary World San Jose,2026-09-13T20:00:00.000Z,"SAP Center at San Jose, San Jose, CA",160385478,6594324,
Andrea Bocelli Romanza 30th Anniversary World Seattle,2026-09-08T20:00:00.000Z,"Climate Pledge Arena, Seattle, WA",160385479,6594292,
Arizona Cardinals v Denver Broncos,2026-10-25T13:05:00.000Z,State Farm Stadium,160437149,6486973,
Arizona Cardinals v Detroit Lions,2026-10-11T13:25:00.000Z,State Farm Stadium,160437152,6487006,
Arizona Cardinals v Las Vegas Raiders,2027-01-03T14:05:00.000Z,State Farm Stadium,160437150,6486979,
Arizona Cardinals v Los Angeles Rams,2026-11-15T14:05:00.000Z,State Farm Stadium,160437155,6487027,
Arizona Cardinals v New York Jets,2026-12-20T14:05:00.000Z,State Farm Stadium,160437154,6487016,
Arizona Cardinals v Philadelphia Eagles,2026-12-06T14:05:00.000Z,State Farm Stadium,160437158,6486963,
Arizona Cardinals V Seattle Seahawks,2026-09-20T13:25:00.000Z,State Farm Stadium,160437157,6487048,
Arizona Cardinals v Washington Commanders,2026-11-29T14:25:00.000Z,State Farm Stadium,160437151,6486969,
Arizona Diamondbacks vs. Colorado Rockies,2026-05-21T18:40:00.000Z,"Chase Field, Phoenix, AZ",159263611,5964999,
Arizona Diamondbacks vs. Colorado Rockies,2026-05-22T18:40:00.000Z,"Chase Field, Phoenix, AZ",159263612,5965006,
Arizona Diamondbacks vs. Colorado Rockies,2026-05-23T19:10:00.000Z,"Chase Field, Phoenix, AZ",159263613,5965010,
Arizona Diamondbacks vs. Colorado Rockies,2026-05-24T13:10:00.000Z,"Chase Field, Phoenix, AZ",159263614,5965019,
Atlanta Braves vs. Washington Nationals,2026-05-23T16:10:00.000Z,"Truist Park, Atlanta, GA",159262124,5964639,
Atlanta Falcons v Baltimore Ravens,2026-10-11T20:20:00.000Z,Mercedes-Benz Stadium,160436165,6487171,
Atlanta Falcons v Carolina Panthers,2026-09-20T13:00:00.000Z,Mercedes-Benz Stadium,160436166,6487085,
Atlanta Falcons v Chicago Bears,2026-10-18T13:00:00.000Z,Mercedes-Benz Stadium,160436167,6487162,
Atlanta Falcons v Detroit Lions,2026-12-06T13:00:00.000Z,Mercedes-Benz Stadium,160436164,6487168,
Atlanta Falcons v Kansas City Chiefs,2026-11-15T13:00:00.000Z,Mercedes-Benz Stadium,160436162,6487188,
Atlanta Falcons v New Orleans Saints,2027-01-03T13:00:00.000Z,Mercedes-Benz Stadium,160436160,6487101,
Atlanta Falcons v San Francisco 49ers,2026-10-25T13:00:00.000Z,Mercedes-Benz Stadium,160436161,6487181,
Atlanta United FC vs. Charlotte FC,2026-08-29T19:30:00.000Z,"Mercedes-Benz Stadium, Atlanta, GA",159918665,6324990,
Atlanta United FC vs. Chicago Fire FC,2026-10-24T19:30:00.000Z,"Mercedes-Benz Stadium, Atlanta, GA",159918659,6325042,
Atlanta United FC vs. FC Cincinnati,2026-10-10T19:30:00.000Z,"Mercedes-Benz Stadium, Atlanta, GA",159919663,6325022,
Atlanta United FC vs. Inter Miami CF,2026-10-17T19:30:00.000Z,"Mercedes-Benz Stadium, Atlanta, GA",159918666,6325032,
Atlanta United FC vs. New York City FC,2026-09-26T19:30:00.000Z,"Mercedes-Benz Stadium, Atlanta, GA",159918661,6325010,
Atlanta United FC vs. New York Red Bulls,2026-08-15T19:30:00.000Z,"Mercedes-Benz Stadium, Atlanta, GA",159918653,6324966,
Atlanta United FC vs. Orlando City SC,2026-09-09T19:30:00.000Z,"Mercedes-Benz Stadium, Atlanta, GA",159919659,6325000,
Atlanta United FC vs. Sporting Kansas City,2026-08-23T19:00:00.000Z,"Mercedes-Benz Stadium, Atlanta, GA",159918664,6324978,
Atlanta United FC vs. Toronto FC,2026-11-01T16:30:00.000Z,"Mercedes-Benz Stadium, Atlanta, GA",159919672,6325086,
Atsuko Okatsuka The Big Bowl Tour Rohnert Park,2026-06-26T20:00:00.000Z,"The Event at Graton Resort & Casino, Rohnert Park, CA",159979798,6363686,
Avenged Sevenfold And Good Charlotte North Belmont Park New,2026-08-10T18:00:00.000Z,"UBS Arena, Belmont Park, NY",160032836,6395902,
Avenged Sevenfold And Good Charlotte North Camden New,2026-08-14T18:00:00.000Z,"Freedom Mortgage Pavilion , Camden, NJ",160032887,6395906,
Avenged Sevenfold And Good Charlotte North Charlotte North,2026-08-16T18:00:00.000Z,"Truliant Amphitheater, Charlotte, NC",160032899,6395908,
Avenged Sevenfold And Good Charlotte North Dallas,2026-08-21T18:00:00.000Z,"Dos Equis Pavilion, Dallas, TX",160032934,6395914,
Avenged Sevenfold And Good Charlotte North Denver,2026-08-23T18:00:00.000Z,"Ball Arena, Denver, CO",160032956,6395916,
Avenged Sevenfold And Good Charlotte North Mansfield,2026-08-12T18:00:00.000Z,"Xfinity Center, Mansfield, MA",160032875,6395904,
Avenged Sevenfold And Good Charlotte North Maryland Heights,2026-08-01T18:00:00.000Z,"Hollywood Casino Amphitheater, Maryland Heights, MO",160032757,6395898,
Avenged Sevenfold And Good Charlotte North Phoenix,2026-08-27T19:00:00.000Z,"Talking Stick Resort Amphitheatre, Phoenix, AZ",160032977,6395924,
Avenged Sevenfold And Good Charlotte North Ridgedale,2026-07-25T18:00:00.000Z,"Thunder Ridge Nature Arena, Ridgedale, MO",160032519,6395888,
Avenged Sevenfold And Good Charlotte North Shakopee,2026-07-27T18:00:00.000Z,"Mystic Lake Amphitheater, Shakopee, MN",160032738,6395890,
Avenged Sevenfold And Good Charlotte North Tampa,2026-08-18T18:00:00.000Z,"MIDFLORIDA Credit Union Amphitheatre at the FL State Fairgrounds, Tampa, FL",160032912,6395912,
Avenged Sevenfold And Good Charlotte North Tinley Park,2026-07-30T18:00:00.000Z,"Credit Union 1 Amphitheatre, Tinley Park, IL",160032747,6395892,
Avenged Sevenfold And Good Charlotte North West Valley City,2026-08-25T18:00:00.000Z,"Utah First Credit Union Amphitheatre, West Valley City, UT",160032963,6395918,
B93 Presents Parker Mccollum Grand Rapids,2026-06-06T19:00:00.000Z,"Acrisure Amphitheater, Grand Rapids, MI",159871979,6299639,
Baby Keem The Caino Tour Boston,2026-06-07T20:30:00.000Z,"MGM Music Hall at Fenway, Boston, MA",160469356,6643333,
Baby Keem The Caino Tour Boston,2026-06-08T20:30:00.000Z,"MGM Music Hall at Fenway, Boston, MA",160492210,6657046,
Baby Keem The Caino Tour Cincinnati,2026-05-23T20:30:00.000Z,"The Andrew J Brady Music Center, Cincinnati, OH",160469565,6643405,
Baby Keem The Caino Tour Detroit,2026-05-26T19:30:00.000Z,"The Fillmore Detroit, Detroit, MI",160469564,6643554,
Bailey Zimmerman Columbus,2026-08-07T19:00:00.000Z,"Ohio Expo Center & State Fair, Columbus, OH",160310792,6547555,
Bailey Zimmerman Springfield,2026-08-14T19:00:00.000Z,"Illinois State Fairgrounds Il State Fair, Springfield, IL",160466804,6640811,
Baltimore Ravens v Cincinnati Bengals,2026-10-25T13:00:00.000Z,M&T Bank Stadium,160417581,6487365,
Baltimore Ravens v Cleveland Browns,2026-12-27T13:00:00.000Z,M&T Bank Stadium,160417580,6487385,
Baltimore Ravens v Jacksonville Jaguars,2026-11-05T20:15:00.000Z,M&T Bank Stadium,160417578,6487393,
Baltimore Ravens v Los Angeles Chargers,2026-11-16T20:15:00.000Z,M&T Bank Stadium,160417583,6487949,
Baltimore Ravens v New Orleans Saints,2026-09-20T13:00:00.000Z,M&T Bank Stadium,160417579,6487946,
Baltimore Ravens v Tampa Bay Buccaneers,2026-12-13T13:00:00.000Z,M&T Bank Stadium,160417577,6487492,
Baltimore Ravens v Tennessee Titans,2026-10-04T13:00:00.000Z,M&T Bank Stadium,160417582,6487397,
Benson Boone: Wanted Man Tour,2026-07-08T20:00:00.000Z,CFG Bank Arena,160777819,6844432,
Benson Boone: Wanted Man Tour,2026-07-10T20:00:00.000Z,Barclays Center,160783576,6844822,
Benson Boone: Wanted Man Tour,2026-07-11T20:00:00.000Z,Barclays Center,160783577,6844824,
Benson Boone: Wanted Man Tour,2026-07-25T20:00:00.000Z,Allstate Arena,160818356,6864373,
Benson Boone: Wanted Man Tour,2026-07-27T20:00:00.000Z,Enterprise Center,160783638,6844838,
Benson Boone: Wanted Man Tour,2026-07-28T20:00:00.000Z,BOK Center,160783596,6844840,
Benson Boone: Wanted Man Tour,2026-07-30T20:00:00.000Z,Ball Arena,160783674,6844842,
Benson Boone: Wanted Man Tour,2026-08-04T20:00:00.000Z,Climate Pledge Arena,160783681,6844844,
Benson Boone: Wanted Man Tour,2026-08-05T20:00:00.000Z,Moda Center,160783573,6844846,
Benson Boone: Wanted Man Tour,2026-08-07T20:00:00.000Z,SAP Center at San Jose,160783595,6844848,
Benson Boone: Wanted Man Tour,2026-08-17T20:00:00.000Z,Mortgage Matchup Center,160783575,6844852,
Benson Boone: Wanted Man Tour,2026-08-20T20:00:00.000Z,Frost Bank Center,160783598,6844854,
Benson Boone: Wanted Man Tour,2026-08-21T20:00:00.000Z,American Airlines Center,160783600,6844856,
Benson Boone: Wanted Man Tour,2026-08-26T20:00:00.000Z,Spectrum Center,160783505,6844858,
Benson Boone: Wanted Man Tour,2026-08-28T20:00:00.000Z,Legacy Arena at the BJCC,160783597,6844860,
Benson Boone: Wanted Man Tour,2026-08-29T20:00:00.000Z,Simmons Bank Arena,160783797,6844862,
Benson Boone: Wanted Man Tour,2026-09-01T20:00:00.000Z,CHI Health Center Omaha,160783578,6844864,
Beres Hammond & Kes The Band,2026-08-16T19:00:00.000Z,Gas South Arena,160811647,6857035,
Bert Kreischer Permission To Party Valley Center,2026-05-23T19:00:00.000Z,"Harrah's Resort SoCal - The Events Center, Valley Center, CA",159515690,6094818,
Bert Kreischer Permission To Party Valley Center,2026-05-23T22:00:00.000Z,"Harrah's Resort SoCal - The Events Center, Valley Center, CA",159515631,6094823,
Billy Strings,2026-10-02T19:30:00.000Z,Oakland Arena,160797535,6850464,
Billy Strings,2026-10-06T19:30:00.000Z,Matthew Knight Arena,160798772,6850488,
Billy Strings,2026-10-09T19:30:00.000Z,Angel Of The Winds Arena,160798855,6850496,
Billy Strings,2026-12-05T19:30:00.000Z,Smoothie King Center,160797534,6850482,
Billy Strings,2026-12-11T19:30:00.000Z,Dickies Arena,160797514,6850486,
Birthday Bash ATL 2026: 30th Anniversary Concert,2026-05-24T18:00:00.000Z,"State Farm Arena, Atlanta, GA",160385025,6594691,
Blues Traveler Gin Blossoms With Spin Columbus,2026-08-08T19:00:00.000Z,"Ohio Expo Center & State Fair, Columbus, OH",160313702,6547913,
Blues Traveler Gin Blossoms With Spin Louisville,2026-09-08T18:00:00.000Z,"Iroquois Amphitheater, Louisville, KY",160313757,6547971,
Blues Travelergin Blossoms With Spin Doctors Atlantic City New,2026-08-01T18:00:00.000Z,"Ovation Hall at Ocean Casino Resort , Atlantic City, NJ",160313682,6547953,
Blues Travelergin Blossoms With Spin Doctors Canandaigua New,2026-08-09T18:00:00.000Z,"Constellation Brands-Marvin Sands Performing Arts Center: CMAC, Canandaigua, NY",160313704,6547881,
Blues Travelergin Blossoms With Spin Doctors Charlotte North,2026-08-29T18:00:00.000Z,"Skyla Credit Union Amphitheatre, Charlotte, NC",160313746,6547921,
Blues Travelergin Blossoms With Spin Doctors Des Moines,2026-09-10T18:00:00.000Z,"Water Works Park, Des Moines, IA",160313759,6547985,
Blues Travelergin Blossoms With Spin Doctors Hollywood,2026-09-03T18:30:00.000Z,"Hard Rock Live, HOLLYWOOD, FL",160313751,6547639,
Blues Travelergin Blossoms With Spin Doctors Saratoga Springs New,2026-07-30T18:00:00.000Z,"Saratoga Performing Arts Center, Saratoga Springs, NY",160312240,6547945,
Blues Travelergin Blossoms With Spin Doctors Waite Park,2026-09-12T18:00:00.000Z,"The Ledge Amphitheater, Waite Park, MN",160313762,6547961,
Brandi Carlile Echoes Through The Canyon George,2026-05-30T19:00:00.000Z,"Gorge Amphitheatre, George, WA",160312904,6548471,
Brantley Gilbert With Aaron Lewis And Lincoln,2026-05-23T19:00:00.000Z,"Pinewood Bowl Theater, Lincoln, NE",160466748,6641292,
Breaking Benjamin Albuquerque New,2026-10-07T18:00:00.000Z,"First Financial Credit Union Amphitheater, Albuquerque, NM",160513627,6670233,
Breaking Benjamin Alpharetta,2026-10-17T18:00:00.000Z,"Ameris Bank Amphitheatre, Alpharetta, GA",160511569,6669923,
Breaking Benjamin Bridgeport,2026-09-03T18:00:00.000Z,"Hartford HealthCare Amphitheater, Bridgeport, CT",160513333,6669939,
Breaking Benjamin Bristow,2026-10-24T18:00:00.000Z,"Jiffy Lube Live, Bristow, VA",160511663,6670263,
Breaking Benjamin Burgettstown,2026-09-15T18:00:00.000Z,"The Pavilion at Star Lake, Burgettstown, PA",160511567,6669993,
Breaking Benjamin Clarkston,2026-09-13T18:00:00.000Z,"Pine Knob Music Theatre, Clarkston, MI",160511653,6669983,
Breaking Benjamin Council Bluffs,2026-09-20T18:00:00.000Z,"Mid-America Center, Council Bluffs, IA",160513041,6670026,
Breaking Benjamin Darien Center New,2026-09-10T18:00:00.000Z,"Darien Lake Amphitheater, Darien Center, NY",160513360,6669972,
Breaking Benjamin Denver,2026-09-28T18:00:00.000Z,"Ball Arena, Denver, CO",160511574,6670123,
Breaking Benjamin Fort Worth,2026-10-12T18:00:00.000Z,"Dickies Arena, Fort Worth, TX",160511665,6670251,
Breaking Benjamin Holmdel New,2026-09-06T18:00:00.000Z,"PNC Bank Arts Center, Holmdel, NJ",160511566,6669961,
Breaking Benjamin Maryland Heights,2026-09-25T18:00:00.000Z,"Hollywood Casino Amphitheater, Maryland Heights, MO",160511573,6670097,
Breaking Benjamin Noblesville,2026-09-16T18:00:00.000Z,"Ruoff Music Center, Noblesville, IN",160511660,6670000,
Breaking Benjamin Phoenix,2026-10-05T18:00:00.000Z,"Talking Stick Resort Amphitheatre, Phoenix, AZ",160511568,6670229,
Breaking Benjamin Presented By 989 The Kansas City,2026-09-24T18:00:00.000Z,"Morton Amphitheater, Kansas City, MO",160513112,6670071,
Breaking Benjamin Raleigh North,2026-10-23T18:00:00.000Z,"Coastal Credit Union Music Park at Walnut Creek, Raleigh, NC",160511571,6670291,
Breaking Benjamin Shakopee,2026-09-22T18:00:00.000Z,"Mystic Lake Amphitheater, Shakopee, MN",160513127,6670051,
Breaking Benjamin Tampa,2026-10-19T18:00:00.000Z,"MIDFLORIDA Credit Union Amphitheatre at the FL State Fairgrounds, Tampa, FL",160511572,6670255,
Breaking Benjamin Tinley Park,2026-09-18T18:00:00.000Z,"Credit Union 1 Amphitheatre, Tinley Park, IL",160511659,6670009,
Breaking Benjamin Tuscaloosa,2026-10-16T18:00:00.000Z,"Mercedes-Benz Amphitheater, Tuscaloosa, AL",160514320,6670189,
Breaking Benjamin Wantagh New,2026-09-05T18:00:00.000Z,"Northwell at Jones Beach Theater, Wantagh, NY",160511657,6669955,
Breaking Benjamin West Palm Beach,2026-10-20T18:00:00.000Z,"iTHINK Financial Amphitheatre , West Palm Beach, FL",160511662,6670289,
Breaking Benjamin West Valley City,2026-09-30T18:00:00.000Z,"Utah First Credit Union Amphitheatre, West Valley City, UT",160513307,6670163,
Bright Eyes 21 Years Of Wide Hollywood,2026-05-23T19:00:00.000Z,"Hollywood Bowl, Hollywood, CA",160032448,6396100,
Brit Floyd Best Of The Wall Reno,2026-06-09T19:30:00.000Z,"Grand Sierra Resort and Casino, Reno, NV",160035898,6404758,
Brit Floyd The Dark Side Of Reno,2026-06-10T19:30:00.000Z,"Grand Sierra Resort and Casino, Reno, NV",160035897,6397688,
Brit Floyd The Moon The Wall Evansville,2026-05-26T19:30:00.000Z,"Victory Theatre, Evansville, IN",160054391,6407398,
Brit Floyd The Moon The Wall Hampton Beach New,2026-08-05T19:30:00.000Z,"Hampton Beach Casino Ballroom, Hampton Beach, NH",160457357,6637765,
Brit Floyd The Moon The Wall Indianapolis,2026-07-29T20:00:00.000Z,"Everwise Amphitheater at White River State Park, Indianapolis, IN",160402986,6608377,
Brit Floyd The Moon The Wall Mankato,2026-05-30T20:00:00.000Z,"Vetter Stone Amphitheater, Mankato, MN",159979786,6363980,
Brit Floyd The Moon The Wall Napa,2026-06-14T19:00:00.000Z,"Blue Note Napa Summer Sessions, Napa, CA",160385888,6596210,
Brit Floyd The Moon The Wall Phoenix,2026-07-12T19:30:00.000Z,"Arizona Financial Theatre, Phoenix, AZ",160354470,6579989,
Brit Floyd The Moon The Wall San Diego,2026-07-11T20:00:00.000Z,"Cal Coast Credit Union Open Air Theatre at SDSU, San Diego, CA",160356373,6581844,
Brit Floyd The Wall The Moon Louisville,2026-05-21T20:00:00.000Z,"The Louisville Palace, Louisville, KY",159887810,6309241,
Brit Floydthe Moon The Wall And Hampton Beach New,2026-08-04T19:30:00.000Z,"Hampton Beach Casino Ballroom, Hampton Beach, NH",160459339,6637698,
Bruno Mars - The Romantic Tour,2026-08-26T19:00:00.000Z,MetLife Stadium,160278036,6526776,
Bruno Mars - The Romantic Tour,2026-08-29T19:00:00.000Z,Acrisure Stadium,160226902,6501595,
Bruno Mars - The Romantic Tour,2026-09-05T19:00:00.000Z,Gillette Stadium,160226892,6501606,
Bruno Mars - The Romantic Tour,2026-09-06T19:00:00.000Z,Gillette Stadium,160274635,6524244,
Bruno Mars - The Romantic Tour,2026-09-20T19:00:00.000Z,Hard Rock Stadium,160274821,6524256,
Bruno Mars - The Romantic Tour,2026-09-30T19:00:00.000Z,SoFi Stadium,160628286,6750848,
Bruno Mars The Romantic Tour East Rutherford New,2026-08-21T19:00:00.000Z,"MetLife Stadium, East Rutherford, NJ",160226890,6501582,
Bruno Mars The Romantic Tour East Rutherford New,2026-08-22T19:00:00.000Z,"MetLife Stadium, East Rutherford, NJ",160226893,6501592,
Bruno Mars The Romantic Tour East Rutherford New,2026-08-25T19:00:00.000Z,"MetLife Stadium, East Rutherford, NJ",160274667,6524237,
Bruno Mars The Romantic Tour Indianapolis,2026-09-09T19:00:00.000Z,"Lucas Oil Stadium, Indianapolis, IN",160226901,6501608,
Bruno Mars The Romantic Tour Inglewood,2026-10-02T19:00:00.000Z,"SoFi Stadium, Inglewood, CA",160226894,6501632,
Bruno Mars The Romantic Tour Inglewood,2026-10-03T19:00:00.000Z,"SoFi Stadium, Inglewood, CA",160226895,6501634,
Bruno Mars The Romantic Tour Inglewood,2026-10-06T19:00:00.000Z,"SoFi Stadium, Inglewood, CA",160276771,6526023,
Bruno Mars The Romantic Tour Inglewood,2026-10-07T19:00:00.000Z,"SoFi Stadium, Inglewood, CA",160278053,6526778,
Bruno Mars The Romantic Tour Miami,2026-09-19T19:00:00.000Z,"Hard Rock Stadium, MIAMI GARDENS, FL",160226905,6501620,
Bruno Mars The Romantic Tour New Orleans,2026-09-16T19:00:00.000Z,"Caesars Superdome , New Orleans, LA",160226897,6501616,
Bruno Mars The Romantic Tour Philadelphia,2026-09-01T19:00:00.000Z,"Lincoln Financial Field, Philadelphia, PA",160227162,6501604,
Bruno Mars The Romantic Tour Philadelphia,2026-09-02T19:00:00.000Z,"Lincoln Financial Field, Philadelphia, PA",160278162,6526771,
Bruno Mars The Romantic Tour San Antonio,2026-09-23T19:00:00.000Z,"Alamodome, San Antonio, TX",160227628,6501626,
Bruno Mars The Romantic Tour Santa Clara,2026-10-10T19:00:00.000Z,"Levi'sÂ® Stadium, Santa Clara, CA",160226903,6501637,
Bruno Mars The Romantic Tour Santa Clara,2026-10-11T19:00:00.000Z,"Levi'sÂ® Stadium, Santa Clara, CA",160276724,6525996,
Bruno Mars The Romantic Tour Tampa,2026-09-12T19:00:00.000Z,"Raymond James Stadium, Tampa, FL",160226891,6501614,
Bruno Mars The Romantic Tour Tampa,2026-09-13T19:00:00.000Z,"Raymond James Stadium, Tampa, FL",160274636,6524250,
Buckeye Country Superfest starring Tyler Childers,2026-06-13T15:00:00.000Z,"Ohio Stadium, Columbus, OH",159326926,5985853,
Buddy Guy 90 Atlanta,2026-08-20T19:30:00.000Z,"Atlanta Symphony Hall, Atlanta, GA",160468373,6642165,
Buddy Guy 90 Atlantic City New,2026-07-31T21:00:00.000Z,"Ovation Hall at Ocean Casino Resort , Atlantic City, NJ",160468338,6642142,
Buddy Guy 90 Chandler,2026-09-12T20:00:00.000Z,"Gila River Resorts & Casinos - Wild Horse Pass, CHANDLER, AZ",160468396,6642179,
Buddy Guy 90 Charles Town West,2026-08-01T20:00:00.000Z,"Hollywood Casino at Charles Town Races, Charles Town, WV",160468341,6642146,
Buddy Guy 90 Dallas,2026-08-30T20:00:00.000Z,"Majestic Theatre Dallas, Dallas, TX",160468378,6642175,
Buddy Guy 90 Denver,2026-09-15T19:30:00.000Z,"Paramount Theatre, Denver, CO",160468401,6642187,
Buddy Guy 90 Englewood New,2026-08-04T19:00:00.000Z,"Bergen Performing Arts Center, Englewood, NJ",160466789,6642152,
Buddy Guy 90 Lynn,2026-08-05T20:00:00.000Z,"Lynn Auditorium, Lynn, MA",160468346,6642158,
Buddy Guy Blues Festival The Woodlands,2026-08-29T18:00:00.000Z,"The Cynthia Woods Mitchell Pavilion sponsored by Huntsman, THE WOODLANDS, TX",160467376,6642171,
Buffalo Bills vs. Baltimore Ravens,2026-11-01T13:00:00.000Z,Highmark Stadium,160447834,6488380,
Buffalo Bills vs. Chicago Bears,2026-12-19T20:20:00.000Z,Highmark Stadium,160447835,6488375,
Buffalo Bills vs. Detroit Lions,2026-09-17T20:15:00.000Z,Highmark Stadium,160447833,6488348,
Buffalo Bills vs. Kansas City Chiefs,2026-11-26T20:20:00.000Z,Highmark Stadium,160447830,6488364,
Buffalo Bills vs. Los Angeles Chargers,2026-09-27T13:00:00.000Z,Highmark Stadium,160447828,6488324,
Buffalo Bills vs. Miami Dolphins,2026-11-22T13:00:00.000Z,Highmark Stadium,160447831,6488199,
Buffalo Bills vs. New England Patriots,2026-10-04T13:00:00.000Z,Highmark Stadium,160447832,6488357,
Carin Leon De Sonora Para El Baltimore,2026-07-02T20:00:00.000Z,"CFG Bank Arena, Baltimore, MD",160436514,6625718,
Carin Leon De Sonora Para El Brooklyn New,2026-06-05T20:00:00.000Z,"Barclays Center, Brooklyn, NY",160435824,6625781,
Carin Leon De Sonora Para El Dallas,2026-05-30T20:00:00.000Z,"American Airlines Center, Dallas, TX",160435834,6625689,
Carin Leon De Sonora Para El Denver,2026-10-01T20:00:00.000Z,"Ball Arena, Denver, CO",160435887,6625738,
Carin Leon De Sonora Para El Duluth,2026-06-12T20:00:00.000Z,"Gas South Arena, Duluth, GA",160436150,6625708,
Carin Leon De Sonora Para El Fresno,2026-09-19T20:00:00.000Z,"Save Mart Center, Fresno, CA",160436724,6625727,
Carin Leon De Sonora Para El Hidalgo,2026-05-21T20:00:00.000Z,"Payne Arena, Hidalgo, TX",160436430,6625736,
Carin Leon De Sonora Para El Los Angeles,2026-09-20T20:00:00.000Z,"BMO Stadium, Los Angeles, CA",160435885,6625729,
Carin Leon De Sonora Para El Milwaukee,2026-06-20T19:00:00.000Z,"American Family Insurance Amphitheater - Summerfest Grounds, Milwaukee, WI",160435823,6625859,
Carin Leon De Sonora Para El Nashville,2026-06-11T20:00:00.000Z,"Bridgestone Arena, Nashville, TN",160435836,6625706,
Carin Leon De Sonora Para El Newark New,2026-06-07T20:00:00.000Z,"Prudential Center, Newark, NJ",160435886,6625755,
Carin Leon De Sonora Para El Orlando,2026-06-26T20:00:00.000Z,"Kia Center, Orlando, FL",160435884,6625711,
Carin Leon De Sonora Para El Portland,2026-10-09T20:00:00.000Z,"Moda Center, Portland, OR",160435838,6625743,
Carin Leon De Sonora Para El Raleigh North,2026-06-13T20:00:00.000Z,"Lenovo Center, Raleigh, NC",160435825,6625714,
Carin Leon De Sonora Para El Rosemont,2026-06-18T19:00:00.000Z,"Allstate Arena, Rosemont, IL",160435822,6625747,
Carin Leon De Sonora Para El Sacramento,2026-09-27T20:00:00.000Z,"Golden 1 Center, Sacramento, CA",160435839,6625731,
Carin Leon De Sonora Para El San Antonio,2026-05-24T20:00:00.000Z,"Frost Bank Center, San Antonio, TX",160435888,6625906,https://www.frostbankcenter.com/events/detail/carin-leon-2026-05-24
Carin Leon De Sonora Para El San Jose,2026-09-18T20:00:00.000Z,"SAP Center at San Jose, San Jose, CA",160435826,6625725,
Carin Leon De Sonora Para El Seattle,2026-10-08T20:00:00.000Z,"Climate Pledge Arena, Seattle, WA",160435837,6625745,
Carin Leon De Sonora Para El Tulsa,2026-05-29T20:00:00.000Z,"BOK Center, Tulsa, OK",160435835,6625695,
Carin Leon De Sonora Para El Uncasville,2026-06-06T20:00:00.000Z,"Mohegan Sun Arena, Uncasville, CT",160387385,6595775,
Carin Leon Las Vegas,2026-09-04T20:00:00.000Z,"Sphere, Las Vegas, NV",159355458,6070379,
Carin Leon Las Vegas,2026-09-05T20:00:00.000Z,"Sphere, Las Vegas, NV",159469598,6070380,
Carin Leon Las Vegas,2026-09-06T20:00:00.000Z,"Sphere, Las Vegas, NV",159469596,6070381,
Carin Leon Las Vegas,2026-09-10T20:00:00.000Z,"Sphere, Las Vegas, NV",159642308,6151214,
Carin Leon Las Vegas,2026-09-11T20:00:00.000Z,"Sphere, Las Vegas, NV",159355457,6011355,
Carin Leon Las Vegas,2026-09-12T20:00:00.000Z,"Sphere, Las Vegas, NV",159391138,6011356,
Carin Leon Las Vegas,2026-09-13T20:00:00.000Z,"Sphere, Las Vegas, NV",159391139,6011357,
Carlos Vives Tour Al Sol Miami,2026-05-23T20:00:00.000Z,"Kaseya Center, Miami, FL",159832074,6277309,
Carlos Vives Tour Al Sol Orlando,2026-05-24T20:00:00.000Z,"Kia Center, Orlando, FL",159832072,6277301,
Carolina Panthers v Baltimore Ravens,2026-11-22T13:00:00.000Z,Bank of America Stadium,160436024,6488723,
Carolina Panthers v Chicago Bears,2026-09-13T13:00:00.000Z,Bank of America Stadium,160436026,6488717,
Carolina Panthers v Cincinnati Bengals,2026-12-20T13:00:00.000Z,Bank of America Stadium,160436022,6488725,
Carolina Panthers v Denver Broncos,2026-11-08T13:00:00.000Z,Bank of America Stadium,160436023,6488697,
Carolina Panthers v Detroit Lions,2026-10-04T20:20:00.000Z,Bank of America Stadium,160436025,6488715,
Carolina Panthers v New Orleans Saints,2026-12-13T13:00:00.000Z,Bank of America Stadium,160436018,6488713,
Carolina Panthers v Seattle Seahawks,2027-01-03T13:00:00.000Z,Bank of America Stadium,160436020,6488727,
Carolina Panthers v Tampa Bay Buccaneers,2026-10-25T13:00:00.000Z,Bank of America Stadium,160436019,6488703,
Charlie Puth Whatevers Clever World Tour Atlanta,2026-06-03T19:00:00.000Z,"Synovus Bank Amphitheater at Chastain Park, Atlanta, GA",160252433,6512753,
Charlie Puth Whatevers Clever World Tour Atlantic City New,2026-05-30T20:00:00.000Z,"Hard Rock Live at Etess Arena, Atlantic City, NJ",160252103,6512741,
Charlie Puth Whatevers Clever World Tour Austin,2026-06-11T19:00:00.000Z,"Moody Center ATX, Austin, TX",160252137,6512775,
Charlie Puth Whatevers Clever World Tour Fairfax,2026-05-26T19:00:00.000Z,"EagleBank Arena, Fairfax, VA",160252414,6512721,
Charlie Puth Whatevers Clever World Tour Hollywood,2026-06-05T19:00:00.000Z,"Hard Rock Live, HOLLYWOOD, FL",160252437,6512763,
Charlie Puth Whatevers Clever World Tour Irving,2026-06-12T19:00:00.000Z,"The Pavilion at Toyota Music Factory, Irving, TX",160252440,6512765,
Charlie Puth Whatevers Clever World Tour New York New,2026-05-29T19:00:00.000Z,"Madison Square Garden, New York, NY",160252098,6512641,
Charlie Puth Whatevers Clever World Tour Orlando,2026-06-06T19:00:00.000Z,"Addition Financial Arena, Orlando, FL",160252432,6512769,
Charlie Puth Whatevers Clever World Tour Uncasville,2026-05-23T19:00:00.000Z,"Mohegan Sun Arena, Uncasville, CT",160252385,6512665,
Charlotte FC vs. Atlanta United FC,2026-07-22T20:00:00.000Z,"Bank of America Stadium, Charlotte, NC",159920562,6324650,
Charlotte FC vs. CF Montreal,2026-10-28T19:30:00.000Z,"Bank of America Stadium, Charlotte, NC",159920627,6324884,
Charlotte FC vs. Chicago Fire FC,2026-09-26T19:30:00.000Z,"Bank of America Stadium, Charlotte, NC",159920612,6324864,
Charlotte FC vs. Columbus Crew,2026-08-15T19:30:00.000Z,"Bank of America Stadium, Charlotte, NC",159920579,6324690,
Charlotte FC vs. D.C. United,2026-08-22T19:30:00.000Z,"Bank of America Stadium, Charlotte, NC",159920590,6324766,
Charlotte FC vs. FC Dallas,2026-10-10T19:30:00.000Z,"Bank of America Stadium, Charlotte, NC",159920620,6324870,
Charlotte FC vs. Houston Dynamo,2026-09-05T19:30:00.000Z,"Bank of America Stadium, Charlotte, NC",159920601,6324850,
Charlotte FC vs. New England Revolution,2026-05-23T19:30:00.000Z,"Bank of America Stadium, Charlotte, NC",159920556,6324610,
Charlotte FC vs. Orlando City SC,2026-10-31T13:00:00.000Z,"Bank of America Stadium, Charlotte, NC",159920636,6324900,
Chicago Bears vs. Detroit Lions,2027-01-03T15:25:00.000Z,Soldier Field,160434803,6488759,
Chicago Bears vs. Green Bay Packers,2026-12-25T12:00:00.000Z,Soldier Field,160434799,6488762,
Chicago Bears vs. Jacksonville Jaguars,2026-12-06T12:00:00.000Z,Soldier Field,160434794,6488789,
Chicago Bears vs. Minnesota Vikings,2026-09-20T12:00:00.000Z,Soldier Field,160434795,6488768,
Chicago Bears vs. New England Patriots,2026-10-22T19:15:00.000Z,Soldier Field,160434800,6488826,
Chicago Bears vs. New Orleans Saints,2026-11-22T12:00:00.000Z,Soldier Field,160434801,6488840,
Chicago Bears vs. New York Jets,2026-10-04T12:00:00.000Z,Soldier Field,160434798,6488798,
Chicago Bears vs. Philadelphia Eagles,2026-09-28T19:15:00.000Z,Soldier Field,160434796,6488786,
Chicago Bears vs. Tampa Bay Buccaneers,2026-11-08T19:20:00.000Z,Soldier Field,160434802,6488779,
Chicago Fire FC vs. Charlotte FC,2026-08-01T19:30:00.000Z,"Soldier Field, Chicago, IL",159918672,6324774,
Chicago Fire FC vs. Columbus Crew,2026-11-07T15:00:00.000Z,"Soldier Field, Chicago, IL",161156609,6324854,
Chicago Fire FC vs. Inter Miami CF,2026-09-09T19:30:00.000Z,"Soldier Field, Chicago, IL",159918660,6324800,
Chicago Fire FC vs. New England Revolution,2026-09-13T17:30:00.000Z,"Soldier Field, Chicago, IL",159918668,6324812,
Chicago Fire FC vs. New York City FC,2026-10-10T13:30:00.000Z,"Soldier Field, Chicago, IL",159918662,6324820,
Chicago Fire FC vs. Orlando City SC,2026-10-28T19:30:00.000Z,"Soldier Field, Chicago, IL",159918658,6324842,
Chicago Fire FC vs. Philadelphia Union,2026-10-14T19:30:00.000Z,"Soldier Field, Chicago, IL",159919636,6324834,
Chicago Fire FC vs. Portland Timbers,2026-08-16T17:30:00.000Z,"Soldier Field, Chicago, IL",159918663,6324788,
Chicago Fire FC vs. Toronto FC,2026-05-23T19:30:00.000Z,"Soldier Field, Chicago, IL",159918670,6324752,
Chicago Fire FC vs. Vancouver Whitecaps FC,2026-07-16T19:30:00.000Z,"Soldier Field, Chicago, IL",159918671,6324760,
Chicago Styx The Windy Cities Tour Bristow,2026-07-20T19:00:00.000Z,"Jiffy Lube Live, Bristow, VA",159979494,6361808,
Chicago Styx The Windy Cities Tour Camden New,2026-07-21T19:00:00.000Z,"Freedom Mortgage Pavilion , Camden, NJ",159979492,6361942,
Chicago Styx The Windy Cities Tour Charlotte North,2026-07-18T19:00:00.000Z,"Truliant Amphitheater, Charlotte, NC",159979445,6361806,
Chicago Styx The Windy Cities Tour Cuyahoga Falls,2026-08-05T19:00:00.000Z,"Blossom Music Center, Cuyahoga Falls, OH",159979501,6361829,
Chicago Styx The Windy Cities Tour Denver,2026-08-28T19:00:00.000Z,"Ball Arena, Denver, CO",159979500,6361980,
Chicago Styx The Windy Cities Tour Grand Rapids,2026-07-30T19:00:00.000Z,"Acrisure Amphitheater, Grand Rapids, MI",159979568,6361954,
Chicago Styx The Windy Cities Tour Inglewood,2026-09-06T19:00:00.000Z,"Kia Forum, Inglewood, CA",159979491,6362004,
Chicago Styx The Windy Cities Tour Kansas City,2026-08-25T19:00:00.000Z,"Morton Amphitheater, Kansas City, MO",159979819,6361972,
Chicago Styx The Windy Cities Tour Mansfield,2026-07-26T19:00:00.000Z,"Xfinity Center, Mansfield, MA",159979810,6361820,
Chicago Styx The Windy Cities Tour Noblesville,2026-08-02T19:00:00.000Z,"Ruoff Music Center, Noblesville, IN",159979499,6361826,
Chicago Styx The Windy Cities Tour Palm Desert,2026-09-02T19:00:00.000Z,"Acrisure Arena at Greater Palm Springs, Palm Desert, CA",159979489,6361994,
Chicago Styx The Windy Cities Tour Phoenix,2026-09-01T19:00:00.000Z,"Mortgage Matchup Center, Phoenix, AZ",159979498,6361990,
Chicago Styx The Windy Cities Tour Rosemont,2026-08-01T19:00:00.000Z,"Allstate Arena, Rosemont, IL",159979493,6361962,
Chicago Styx The Windy Cities Tour Tampa,2026-07-15T19:00:00.000Z,"MIDFLORIDA Credit Union Amphitheatre at the FL State Fairgrounds, Tampa, FL",159979490,6361804,
Chicago Styx The Windy Cities Tour The Woodlands,2026-08-20T19:00:00.000Z,"The Cynthia Woods Mitchell Pavilion sponsored by Huntsman, THE WOODLANDS, TX",159979497,6361837,
Chicago Styx The Windy Cities Tour Wantagh New,2026-07-23T19:00:00.000Z,"Northwell at Jones Beach Theater, Wantagh, NY",159979496,6361814,
Chicago Styx The Windy Cities Tour West Palm Beach,2026-07-13T19:00:00.000Z,"iTHINK Financial Amphitheatre , West Palm Beach, FL",159979436,6362010,
Chicago White Sox vs. Minnesota Twins,2026-05-25T13:10:00.000Z,"Rate Field, Chicago, IL",159263368,5964765,
Chris Stapleton's All-American Road Show,2026-06-11T19:30:00.000Z,VyStar Veterans Memorial Arena,160227469,6501816,
Chris Stapleton's All-American Road Show,2026-06-13T18:00:00.000Z,Raymond James Stadium,160227466,6501820,
Chris Stapleton's All-American Road Show,2026-06-17T19:30:00.000Z,The Pavilion at Star Lake,160227361,6501824,
Chris Stapleton's All-American Road Show,2026-06-20T18:00:00.000Z,Bank of America Stadium,160227363,6501826,
Chris Stapleton's All-American Road Show,2026-06-24T18:00:00.000Z,Hersheypark Stadium,160227367,6501828,
Chris Stapleton's All-American Road Show,2026-07-10T19:30:00.000Z,North Island Credit Union Amphitheatre,160227468,6501936,
Chris Stapleton's All-American Road Show,2026-07-14T19:30:00.000Z,California Mid-State Fair,160227467,6501934,
Chris Stapleton's All-American Road Show,2026-07-24T19:30:00.000Z,Gorge Amphitheatre,160227364,6501926,
Chris Stapleton's All-American Road Show,2026-07-25T19:30:00.000Z,Gorge Amphitheatre,160276772,6526193,
Chris Stapleton's All-American Road Show,2026-07-29T19:30:00.000Z,Mystic Lake Amphitheater,160227624,6501940,
Chris Stapleton's All-American Road Show,2026-07-30T19:30:00.000Z,Mystic Lake Amphitheater,160276852,6526205,
Chris Stapleton's All-American Road Show,2026-08-01T18:00:00.000Z,Paycor Stadium,160227366,6501930,
Chris Stapleton's All-American Road Show,2026-08-08T18:00:00.000Z,Ford Field,160227626,6501892,
Chris Stapleton's All-American Road Show,2026-08-18T19:30:00.000Z,Veterans United Home Loans Amphitheater at Virginia Beach,160227362,6501890,
Chris Stapleton's All-American Road Show,2026-08-21T18:00:00.000Z,Mercedes-Benz Stadium,160227365,6501894,
Chris Stapleton's All-American Road Show,2026-08-26T19:30:00.000Z,Northwell at Jones Beach Theater,160227368,6501876,
Chris Stapleton's All-American Road Show,2026-08-28T19:30:00.000Z,Freedom Mortgage Pavilion ,160227360,6501871,
Chris Stapleton's All-American Road Show,2026-08-29T19:30:00.000Z,Freedom Mortgage Pavilion ,160318043,6552955,
Chris Stapleton's All-American Road Show,2026-10-02T19:30:00.000Z,Jiffy Lube Live,160227369,6501921,
Chris Stapleton's All-American Road Show,2026-10-07T19:30:00.000Z,Pinnacle Bank Arena,160227630,6501874,
Chris Stapleton's All-American Road Show,2026-10-09T19:30:00.000Z,Morton Amphitheater,160227631,6501932,
Chris Stapleton's All-American Road Show,2026-10-10T19:30:00.000Z,Morton Amphitheater,160294944,6537648,
Cincinnati Bengals vs. Baltimore Ravens,2026-12-31T20:15:00.000Z,Paycor Stadium,160418321,6488960,
Cincinnati Bengals vs. Jacksonville Jaguars,2026-10-04T13:00:00.000Z,Paycor Stadium,160418319,6489032,
Cincinnati Bengals vs. Kansas City Chiefs,2026-12-13T16:25:00.000Z,Paycor Stadium,160418324,6489069,
Cincinnati Bengals vs. New Orleans Saints,2026-11-29T13:00:00.000Z,Paycor Stadium,160418322,6489044,
Cincinnati Bengals vs. Pittsburgh Steelers,2026-11-15T20:20:00.000Z,Paycor Stadium,160418325,6489006,
Cincinnati Bengals vs. Tampa Bay Buccaneers,2026-09-13T13:00:00.000Z,Paycor Stadium,160418320,6489052,
Cincinnati Bengals vs. Tennessee Titans,2026-11-01T13:00:00.000Z,Paycor Stadium,160418318,6489036,
Cleveland Browns vs. Atlanta Falcons,2026-12-13T13:00:00.000Z,Huntington Bank Field,160418606,6489435,
Cleveland Browns vs. Baltimore Ravens,2026-10-18T13:00:00.000Z,Huntington Bank Field,160418607,6489419,
Cleveland Browns vs. Carolina Panthers,2026-09-27T13:00:00.000Z,Huntington Bank Field,160418609,6489438,
Cleveland Browns vs. Cincinnati Bengals,2026-12-06T13:00:00.000Z,Huntington Bank Field,160418613,6489423,
Cleveland Browns vs. Houston Texans,2026-11-15T13:00:00.000Z,Huntington Bank Field,160418608,6489427,
Cleveland Browns vs. Indianapolis Colts,2027-01-03T13:00:00.000Z,Huntington Bank Field,160418611,6489430,
Cleveland Browns vs. Las Vegas Raiders,2026-11-29T13:00:00.000Z,Huntington Bank Field,160418610,6489440,
Cleveland Browns vs. Pittsburgh Steelers,2026-10-01T20:15:00.000Z,Huntington Bank Field,160418614,6489425,
Cody Johnson Live 26 Columbus,2026-07-17T19:00:00.000Z,"Nationwide Arena, Columbus, OH",157868416,5688063,
Cody Johnson Milwaukee,2026-06-26T19:00:00.000Z,"American Family Insurance Amphitheater - Summerfest Grounds, Milwaukee, WI",160252095,6512693,
Colombia vs Jordan,2026-06-07T16:00:00.000Z,Snapdragon Stadium,160927084,6913842,
Colorado Rapids Vs Austin Fc Commerce City,2026-08-01T19:30:00.000Z,Colorado,159920677,6325226,
Colorado Rapids Vs Cf Montreal Commerce City,2026-09-12T19:30:00.000Z,"DICK'S Sporting Goods Park, Commerce City, CO",159920723,6325302,
Colorado Rapids Vs Chicago Fire Fc Commerce City,2026-10-31T19:30:00.000Z,"DICK'S Sporting Goods Park, Commerce City, CO",159920761,6325366,
Colorado Rapids Vs Fc Dallas Commerce City,2026-05-23T19:30:00.000Z,"DICK'S Sporting Goods Park, Commerce City, CO",159920663,6325160,
Colorado Rapids Vs Los Angeles Football Commerce City,2026-08-19T19:30:00.000Z,"DICK'S Sporting Goods Park, Commerce City, CO",159920702,6325260,
Colorado Rapids Vs Minnesota United Fc Commerce City,2026-10-14T19:30:00.000Z,"DICK'S Sporting Goods Park, Commerce City, CO",159920746,6325358,
Colorado Rapids Vs Real Salt Lake Commerce City,2026-08-29T19:30:00.000Z,"DICK'S Sporting Goods Park, Commerce City, CO",159920714,6325286,
Colorado Rapids Vs San Diego Fc Commerce City,2026-07-22T19:30:00.000Z,"DICK'S Sporting Goods Park, Commerce City, CO",159920672,6325188,
Colorado Rapids Vs San Jose Earthquakes Commerce City,2026-10-10T19:30:00.000Z,"DICK'S Sporting Goods Park, Commerce City, CO",159920737,6325346,
Colorado Rapids Vs Seattle Sounders Fc Commerce City,2026-09-19T19:30:00.000Z,"DICK'S Sporting Goods Park, Commerce City, CO",159920732,6325326,
Colorado Rapids Vs Sporting Kansas City Commerce City,2026-08-15T19:30:00.000Z,"DICK'S Sporting Goods Park, Commerce City, CO",159920687,6325248,
Colorado Rapids Vs Vancouver Whitecaps Fc Commerce City,2026-10-24T19:30:00.000Z,"DICK'S Sporting Goods Park, Commerce City, CO",159920753,6325362,
Colorado Rockies vs. San Francisco Giants,2026-05-29T18:40:00.000Z,"Coors Field, Denver, CO",159263531,5966073,
Colorado Rockies vs. San Francisco Giants,2026-05-30T19:10:00.000Z,"Coors Field, Denver, CO",159263532,5966086,
Colorado Rockies vs. San Francisco Giants,2026-05-31T13:10:00.000Z,"Coors Field, Denver, CO",159263533,5966099,
Columbus Crew vs. Atlanta United FC,2026-05-24T17:00:00.000Z,"ScottsMiracle-Gro Field, Columbus, OH",159919085,6324482,
Columbus Crew vs. CF MontrÃ©al,2026-08-19T19:30:00.000Z,"ScottsMiracle-Gro Field, Columbus, OH",159919097,6324586,
Columbus Crew vs. Charlotte FC,2026-10-14T19:30:00.000Z,"ScottsMiracle-Gro Field, Columbus, OH",159919107,6324784,
Columbus Crew vs. Colorado Rapids,2026-09-05T19:30:00.000Z,"ScottsMiracle-Gro Field, Columbus, OH",159919102,6324680,
Columbus Crew vs. D.C. United,2026-10-31T14:00:00.000Z,"ScottsMiracle-Gro Field, Columbus, OH",159919114,6324828,
Columbus Crew vs. FC Cincinnati,2026-07-25T19:00:00.000Z,"ScottsMiracle-Gro Field, Columbus, OH",159919096,6324540,
Columbus Crew vs. Inter Miami CF,2026-09-27T19:00:00.000Z,"ScottsMiracle-Gro Field, Columbus, OH",159919104,6324708,
Columbus Crew vs. New England Revolution,2026-08-29T19:30:00.000Z,"ScottsMiracle-Gro Field, Columbus, OH",159919101,6324642,
Columbus Crew vs. New York City FC,2026-07-22T19:30:00.000Z,"ScottsMiracle-Gro Field, Columbus, OH",159919094,6324527,
Columbus Crew vs. New York Red Bulls,2026-09-12T19:30:00.000Z,"ScottsMiracle-Gro Field, Columbus, OH",159919103,6324696,
Columbus Crew vs. Toronto FC,2026-10-24T14:30:00.000Z,"ScottsMiracle-Gro Field, Columbus, OH",159919112,6324802,
Craftsman Truck Series Richmond,2026-08-14T19:00:00.000Z,"Richmond Raceway, Richmond, VA",159215416,5953923,
Creed Summer Of 99 Tour Orange Beach,2026-07-24T19:00:00.000Z,"The Wharf Amphitheater, Orange Beach, AL",160311733,6547363,
Cristian Castro Nada Solo Exitos Tour Glendale,2026-11-06T20:00:00.000Z,"Desert Diamond Arena, Glendale, AZ",160512948,6674212,
Cristian Castro Nada Solo Exitos Tour New York New,2026-10-02T21:00:00.000Z,"Infosys Theater at Madison Square Garden, New York, NY",160514291,6672757,
Cup Series Cook Out 400 Richmond,2026-08-15T19:00:00.000Z,"Richmond Raceway, Richmond, VA",159210837,5954165,
D.C. United vs Atlanta United FC,2026-09-12T19:30:00.000Z,"Audi Field, Washington, DC",159920167,6324662,
D.C. United vs CF Montreal,2026-05-23T19:30:00.000Z,"Audi Field, Washington, DC",159920101,6324510,
D.C. United vs Charlotte FC,2026-09-19T19:30:00.000Z,"Audi Field, Washington, DC",159920177,6324698,
D.C. United vs Columbus Crew,2026-09-09T19:30:00.000Z,"Audi Field, Washington, DC",159920166,6324640,
D.C. United vs FC Cincinnati,2026-10-24T19:30:00.000Z,"Audi Field, Washington, DC",159920205,6324778,
D.C. United vs Los Angeles Football Club,2026-08-29T19:30:00.000Z,"Audi Field, Washington, DC",159920402,6324602,
D.C. United vs Nashville SC,2026-08-01T19:30:00.000Z,"Audi Field, Washington, DC",159920123,6324552,
D.C. United vs New England Revolution,2026-08-19T19:30:00.000Z,"Audi Field, Washington, DC",159920137,6324570,
D.C. United vs New York City FC,2026-11-07T16:00:00.000Z,"Audi Field, Washington, DC",159920214,6324796,
D.C. United vs New York Red Bulls,2026-10-14T19:30:00.000Z,"Audi Field, Washington, DC",159920198,6324716,
D.C. United vs Toronto FC,2026-07-25T19:30:00.000Z,"Audi Field, Washington, DC",159920119,6324532,
Dallas Cowboys vs. Arizona Cardinals,2026-11-01T12:00:00.000Z,AT&T Stadium,160426601,6489543,
Dallas Cowboys vs. Jacksonville Jaguars,2026-12-27T19:20:00.000Z,AT&T Stadium,160426599,6489520,
Dallas Cowboys vs. New York Giants,2027-01-03T12:00:00.000Z,AT&T Stadium,160426598,6489518,
Dallas Cowboys vs. Philadelphia Eagles,2026-11-26T15:30:00.000Z,AT&T Stadium,160426597,6489456,
Dallas Cowboys vs. San Francisco 49ers,2026-11-15T15:25:00.000Z,AT&T Stadium,160426593,6489549,
Dallas Cowboys vs. Tampa Bay Buccaneers,2026-10-08T19:15:00.000Z,AT&T Stadium,160426595,6489565,
Dallas Cowboys vs. Tennessee Titans,2026-11-22T12:00:00.000Z,AT&T Stadium,160426596,6489528,
Dallas Cowboys vs. Washington Commanders,2026-09-20T15:25:00.000Z,AT&T Stadium,160426594,6489510,
Daniel Tosh My First Farewell Tour Asheville North,2026-10-18T19:00:00.000Z,"Harrah's Cherokee Center - Asheville, Asheville, NC",159895476,6313853,
Daniel Tosh My First Farewell Tour Atlantic City New,2026-06-20T19:00:00.000Z,"Hard Rock Live at Etess Arena, Atlantic City, NJ",159893495,6313771,
Daniel Tosh My First Farewell Tour Birmingham,2026-10-11T19:00:00.000Z,"BJCC Concert Hall, Birmingham, AL",159895467,6313817,
Daniel Tosh My First Farewell Tour Boston,2026-06-13T21:30:00.000Z,"MGM Music Hall at Fenway, Boston, MA",159935676,6339490,
Daniel Tosh My First Farewell Tour Evans,2026-10-14T19:00:00.000Z,"Columbia County Performing Arts Center, Evans, GA",159895473,6313833,
Daniel Tosh My First Farewell Tour Fayetteville North,2026-10-16T19:00:00.000Z,"Crown Theatre, Fayetteville, NC",159895472,6313843,
Daniel Tosh My First Farewell Tour Las Vegas,2026-09-26T20:00:00.000Z,"The Cosmopolitan of Las Vegas, Las Vegas, NV",159503207,6092418,
Daniel Tosh My First Farewell Tour Las Vegas,2026-11-07T20:00:00.000Z,"The Cosmopolitan of Las Vegas, Las Vegas, NV",159503210,6092420,
Daniel Tosh My First Farewell Tour Macon,2026-10-13T19:00:00.000Z,"Macon City Auditorium, Macon, GA",159895468,6313829,
Daniel Tosh My First Farewell Tour Montgomery,2026-10-10T19:00:00.000Z,"Montgomery Performing Arts Centre, Montgomery, AL",159895466,6313811,
Daniel Tosh My First Farewell Tour Pensacola,2026-10-09T21:30:00.000Z,"Pensacola Saenger Theatre, Pensacola, FL",159896175,6328580,
Daniel Tosh My First Farewell Tour Spartanburg South,2026-10-17T19:00:00.000Z,"Spartanburg Memorial Auditorium, Spartanburg, SC",159895475,6313849,
Daniel Tosh My First Farewell Tour Wallingford,2026-06-12T19:00:00.000Z,"Toyota Oakdale Theatre, Wallingford, CT",159895345,6313711,
Daniel Tosh My First Farewell Tour Washington District Of,2026-06-19T21:30:00.000Z,"Warner Theatre, Washington, DC",159927514,6580132,
Dave Matthews Band Kansas City,2026-06-24T19:30:00.000Z,"Morton Amphitheater, Kansas City, MO",160366621,6583149,
Dave Matthews Band Mansfield,2026-06-12T19:30:00.000Z,"Xfinity Center, Mansfield, MA",160364373,6583141,
Dave Matthews Band Raleigh North,2026-06-05T19:30:00.000Z,"Coastal Credit Union Music Park at Walnut Creek, Raleigh, NC",160363766,6583137,
Dave Matthews Band Tampa,2026-05-26T19:30:00.000Z,"MIDFLORIDA Credit Union Amphitheatre at the FL State Fairgrounds, Tampa, FL",160363708,6583127,
Dave Matthews Band Wantagh New,2026-07-21T19:30:00.000Z,"Northwell at Jones Beach Theater, Wantagh, NY",160363765,6583220,
David Foster Katharine Mcphee St Petersburg,2026-11-13T20:00:00.000Z,"Duke Energy Center for the Arts - Mahaffey Theater, St Petersburg, FL",160470377,6041604,
Death Cab For Cutie Columbia,2026-07-21T19:00:00.000Z,"Merriweather Post Pavilion, Columbia, MD",160345210,6571320,
Death Cab For Cutie Phoenix,2026-07-31T20:00:00.000Z,"Arizona Financial Theatre, Phoenix, AZ",160345211,6571394,
Death Cab For Cutie Raleigh North,2026-07-22T19:30:00.000Z,"Coastal Credit Union Music Park at Walnut Creek, Raleigh, NC",160345206,6571327,
Death Cab For Cutie Saint Louis,2026-07-24T20:00:00.000Z,"Stifel Theatre, SAINT LOUIS, MO",160345771,6571351,
Demi Lovato Its Not That Deep Austin,2026-05-24T20:00:00.000Z,"Moody Center ATX, Austin, TX",159727147,6194365,
Demi Lovato Its Not That Deep Dallas,2026-05-22T20:00:00.000Z,"American Airlines Center, Dallas, TX",159727143,6194362,
Denver Broncos vs. Buffalo Bills,2026-12-25T14:30:00.000Z,Empower Field At Mile High,160425043,6489674,
Denver Broncos vs. Jacksonville Jaguars,2026-09-20T14:05:00.000Z,Empower Field At Mile High,160425046,6489690,
Denver Broncos vs. Kansas City Chiefs,2026-11-01T14:25:00.000Z,Empower Field At Mile High,160425045,6489647,
Denver Broncos vs. Las Vegas Raiders,2026-11-22T14:25:00.000Z,Empower Field At Mile High,160425044,6489651,
Denver Broncos vs. Los Angeles Rams,2026-09-27T18:20:00.000Z,Empower Field At Mile High,160425051,6489686,
Denver Broncos vs. Miami Dolphins,2026-12-06T14:05:00.000Z,Empower Field At Mile High,160425047,6489684,
Denver Broncos vs. Seattle Seahawks,2026-10-15T18:15:00.000Z,Empower Field At Mile High,160425048,6489688,
Detroit Lions vs. Chicago Bears,2026-11-26T13:00:00.000Z,Ford Field,160435327,6489807,
Detroit Lions vs. Green Bay Packers,2026-10-25T16:25:00.000Z,Ford Field,160435334,6489844,
Detroit Lions vs. Minnesota Vikings,2026-11-01T13:00:00.000Z,Ford Field,160435329,6489856,
Detroit Lions vs. New Orleans Saints,2026-09-13T13:00:00.000Z,Ford Field,160435330,6489887,
Detroit Lions vs. New York Giants,2026-12-28T20:15:00.000Z,Ford Field,160435332,6489904,
Detroit Lions vs. New York Jets,2026-09-27T13:00:00.000Z,Ford Field,160435331,6489893,
Detroit Lions vs. Tampa Bay Buccaneers,2026-11-22T13:00:00.000Z,Ford Field,160435328,6489872,
Detroit Lions vs. Tennessee Titans,2026-12-13T13:00:00.000Z,Ford Field,160435335,6489908,
Devo Mutate Dont Stagnate Atlantic City New,2026-06-12T20:00:00.000Z,"Borgata Event Center, Atlantic City, NJ",160457906,6638283,
Diljit Dosanjh Aura World Tour 2026 Atlanta,2026-05-22T20:00:00.000Z,"State Farm Arena, Atlanta, GA",160413999,6616968,
Diljit Dosanjh Aura World Tour 2026 Los Angeles,2026-06-18T20:00:00.000Z,"Crypto.com Arena, Los Angeles, CA",160408141,6612305,
Diljit Dosanjh Aura World Tour 2026 Nashville,2026-05-20T20:00:00.000Z,"Bridgestone Arena, Nashville, TN",160413290,6612357,
Diljit Dosanjh Aura World Tour 2026 New York New,2026-05-24T20:00:00.000Z,"Madison Square Garden, New York, NY",160413015,6615874,
Diljit Dosanjh Aura World Tour 2026 New York New,2026-05-25T20:00:00.000Z,"Madison Square Garden, New York, NY",160478161,6650694,
Diljit Dosanjh Aura World Tour 2026 San Francisco,2026-06-20T20:00:00.000Z,"Chase Center, SAN FRANCISCO, CA",160418122,6617367,
Diljit Dosanjh Aura World Tour 2026 San Francisco,2026-06-21T20:00:00.000Z,"Chase Center, SAN FRANCISCO, CA",160478908,6652010,
Don Toliver Milwaukee,2026-06-19T19:00:00.000Z,"American Family Insurance Amphitheater - Summerfest Grounds, Milwaukee, WI",160281977,6579112,
Don Toliver Octane Tour Baltimore,2026-06-02T19:00:00.000Z,Maryland,160413357,6613728,
Don Toliver Octane Tour Belmont Park New,2026-05-26T19:00:00.000Z,"UBS Arena, Belmont Park, NY",160413352,6613716,
Don Toliver Octane Tour Boston,2026-05-30T19:00:00.000Z,"TD Garden, Boston, MA",160413441,6613723,
Don Toliver Octane Tour Charlotte North,2026-05-21T19:00:00.000Z,"Spectrum Center, Charlotte, NC",160413362,6613710,
Don Toliver Octane Tour Chicago,2026-06-11T19:00:00.000Z,"United Center, Chicago, IL",160413433,6613745,
Don Toliver Octane Tour Columbus,2026-06-09T19:00:00.000Z,"Nationwide Arena, Columbus, OH",160413366,6613739,
Don Toliver Octane Tour Dallas,2026-06-13T19:00:00.000Z,"American Airlines Center, Dallas, TX",160413443,6613751,
Don Toliver Octane Tour Denver,2026-07-05T19:00:00.000Z,"Ball Arena, Denver, CO",160413354,6613789,
Don Toliver Octane Tour Detroit,2026-06-04T19:00:00.000Z,"Little Caesars Arena, Detroit, MI",160413442,6613735,
Don Toliver Octane Tour Kansas City,2026-06-17T19:00:00.000Z,"T-Mobile Center, Kansas City, MO",160413359,6613757,
Don Toliver Octane Tour Los Angeles,2026-06-28T19:00:00.000Z,"Crypto.com Arena, Los Angeles, CA",160439820,6627921,
Don Toliver Octane Tour Los Angeles,2026-06-29T19:00:00.000Z,"Crypto.com Arena, Los Angeles, CA",160413435,6613772,
Don Toliver Octane Tour Minneapolis,2026-06-20T19:00:00.000Z,"Target Center, Minneapolis, MN",160413445,6613762,
Don Toliver Octane Tour New York New,2026-06-01T19:00:00.000Z,"Madison Square Garden, New York, NY",160413432,6613725,
Don Toliver Octane Tour Newark New,2026-05-27T19:00:00.000Z,"Prudential Center, Newark, NJ",160413351,6613721,
Don Toliver Octane Tour Oakland,2026-06-27T19:00:00.000Z,"Oakland Arena, Oakland, CA",160413444,6613770,
Don Toliver Octane Tour Philadelphia,2026-05-24T19:00:00.000Z,"Xfinity Mobile Arena, Philadelphia, PA",160413434,6613714,
Don Toliver Octane Tour Phoenix,2026-07-01T19:00:00.000Z,"Mortgage Matchup Center, Phoenix, AZ",160413436,6613784,
Don Toliver Octane Tour Pittsburgh,2026-05-23T19:00:00.000Z,"PPG Paints Arena, Pittsburgh, PA",160413350,6613712,
Don Toliver Octane Tour San Antonio,2026-06-14T19:00:00.000Z,"Frost Bank Center, San Antonio, TX",160413358,6613755,
Don Toliver Octane Tour San Diego,2026-06-30T19:00:00.000Z,"Pechanga Arena San Diego, San Diego, CA",160376299,6613779,
Don Toliver Octane Tour Seattle,2026-06-24T19:00:00.000Z,"Climate Pledge Arena, Seattle, WA",160413361,6613768,
Dr Neil Degrasse Tyson Delusions Of Denver,2026-06-03T19:30:00.000Z,"Paramount Theatre, Denver, CO",159142865,5930177,
E40 Cabazon,2026-06-19T21:00:00.000Z,"Morongo Casino Resort and Spa, Cabazon, CA",160564973,6716381,
E40 W Too Hort Ying Yang Henderson,2026-06-13T19:30:00.000Z,"M Resort Spa Casino, Henderson, NV",160505866,6666265,
Earth Wind Fire Reno,2026-09-11T20:00:00.000Z,"Grand Sierra Resort and Casino, Reno, NV",160415028,6614075,
Earth Wind Fire Reno,2026-09-12T20:00:00.000Z,"Grand Sierra Resort and Casino, Reno, NV",160415029,6614067,
Earth Wind Fire Wheatland,2026-09-15T20:00:00.000Z,"Hard Rock Live Sacramento, Wheatland, CA",160415272,6614025,
Earth Wind Fire Wheatland,2026-09-16T20:00:00.000Z,"Hard Rock Live Sacramento, Wheatland, CA",160415273,6614043,
East Conf Finals: Cavaliers at Knicks RD3 HM GM2,2026-05-21T20:00:00.000Z,Madison Square Garden,160286431,6631061,
East Conf Finals: Cavaliers at Knicks RD3 HM GM3,2026-05-27T20:00:00.000Z,Madison Square Garden,160286424,6631065,
East Conf Finals: Cavaliers at Knicks RD3 HM GM4,2026-05-31T20:00:00.000Z,Madison Square Garden,160286426,6631067,
Ed Sheeran Loop Tour Chicago,2026-06-27T17:30:00.000Z,"Soldier Field, Chicago, IL",159435058,6049697,
Ed Sheeran Loop Tour Denver,2026-07-04T17:30:00.000Z,"Empower Field At Mile High, Denver, CO",159435053,6049699,
Ed Sheeran Loop Tour Detroit,2026-08-29T17:30:00.000Z,"Ford Field, Detroit, MI",159435177,6049724,
Ed Sheeran Loop Tour East Rutherford New,2026-09-04T17:30:00.000Z,"MetLife Stadium, East Rutherford, NJ",159435006,6049729,
Ed Sheeran Loop Tour East Rutherford New,2026-09-05T17:30:00.000Z,"MetLife Stadium, East Rutherford, NJ",159435009,6049730,
Ed Sheeran Loop Tour Foxborough,2026-09-25T17:30:00.000Z,"Gillette Stadium, Foxborough, MA",159434977,6049734,
Ed Sheeran Loop Tour Indianapolis,2026-10-10T17:30:00.000Z,"Lucas Oil Stadium, Indianapolis, IN",159435052,6049737,
Ed Sheeran Loop Tour Inglewood,2026-08-08T17:30:00.000Z,"SoFi Stadium, Inglewood, CA",159435000,6049710,
Ed Sheeran Loop Tour Las Vegas,2026-07-18T17:30:00.000Z,"Allegiant Stadium, LAS VEGAS, NV",159435004,6049703,
Ed Sheeran Loop Tour Minneapolis,2026-08-15T17:30:00.000Z,"U.S. Bank Stadium, Minneapolis, MN",159435002,6049722,
Ed Sheeran Loop Tour San Diego,2026-07-21T17:30:00.000Z,"Petco Park, San Diego, CA",159435005,6049704,
Ed Sheeran Loop Tour Tampa,2026-11-07T17:30:00.000Z,"Raymond James Stadium, Tampa, FL",159435010,6049744,
Ed Sheeran: LOOP Tour,2026-07-25T17:30:00.000Z,"Levi'sÂ® Stadium, Santa Clara, CA",159434958,6049705,
Ed Sheeran: LOOP Tour,2026-08-01T17:30:00.000Z,"Lumen Field, Seattle, WA",159435011,6049707,
Ed Sheeran: LOOP Tour,2026-09-19T17:30:00.000Z,"Lincoln Financial Field, Philadelphia, PA",159435008,6049733,
Ed Sheeran: LOOP Tour,2026-09-26T17:30:00.000Z,"Gillette Stadium, Foxborough, MA",159435003,6049735,
Ed Sheeran: LOOP Tour,2026-10-03T17:30:00.000Z,"Mercedes-Benz Stadium, Atlanta, GA",159435022,6049736,
Ed Sheeran: LOOP Tour,2026-10-17T17:30:00.000Z,"Bank of America Stadium, Charlotte, NC",159435007,6049740,
Evanescence 2026 World Tour presented by 99x,2026-06-14T19:00:00.000Z,"Ameris Bank Amphitheatre, Alpharetta, GA",159979468,6361618,
Evanescence 2026 World Tour with Spiritbox and Nova Twins,2026-06-11T19:00:00.000Z,"iTHINK Financial Amphitheatre , West Palm Beach, FL",159978918,6361606,
Evanescence 2026 World Tour with Spiritbox and Nova Twins,2026-06-12T19:00:00.000Z,"MIDFLORIDA Credit Union Amphitheatre at the FL State Fairgrounds, Tampa, FL",159978971,6361622,
Evanescence 2026 World Tour with Spiritbox and Nova Twins,2026-06-15T19:00:00.000Z,"Bridgestone Arena, Nashville, TN",159978978,6361642,
Evanescence 2026 World Tour with Spiritbox and Nova Twins,2026-06-17T19:00:00.000Z,"Coastal Credit Union Music Park at Walnut Creek, Raleigh, NC",159978970,6361648,
Evanescence 2026 World Tour with Spiritbox and Nova Twins,2026-06-18T19:00:00.000Z,"Truliant Amphitheater, Charlotte, NC",159978972,6361650,
Evanescence 2026 World Tour with Spiritbox and Nova Twins,2026-06-20T19:00:00.000Z,"Freedom Mortgage Pavilion , Camden, NJ",159979462,6361652,
Evanescence 2026 World Tour with Spiritbox and Nova Twins,2026-06-21T19:00:00.000Z,"Xfinity Center, Mansfield, MA",159979268,6361654,
Evanescence 2026 World Tour with Spiritbox and Nova Twins,2026-06-23T19:00:00.000Z,"Saratoga Performing Arts Center, Saratoga Springs, NY",159978922,6361658,
Evanescence 2026 World Tour with Spiritbox and Nova Twins,2026-06-24T19:00:00.000Z,"Northwell at Jones Beach Theater, Wantagh, NY",159978973,6361660,
Evanescence 2026 World Tour with Spiritbox and Nova Twins,2026-06-27T19:00:00.000Z,"Jiffy Lube Live, Bristow, VA",159978915,6361666,
Five Finger Death Punch Albuquerque New,2026-09-25T19:00:00.000Z,"Isleta Amphitheater, Albuquerque, NM",160262956,6517233,
Five Finger Death Punch Alpharetta,2026-10-13T18:45:00.000Z,"Ameris Bank Amphitheatre, Alpharetta, GA",160261694,6517161,
Five Finger Death Punch Auburn,2026-09-11T19:00:00.000Z,"White River Amphitheatre, Auburn, WA",160262946,6517175,
Five Finger Death Punch Austin,2026-09-28T19:00:00.000Z,"Germania Insurance Amphitheater, Austin, TX",160262971,6517247,
Five Finger Death Punch Bangor,2026-07-22T19:00:00.000Z,"Maine Savings Amphitheater, Bangor, ME",160262927,6517045,
Five Finger Death Punch Biloxi,2026-10-05T19:00:00.000Z,"Mississippi Coast Coliseum, Biloxi, MS",160262958,6517269,
Five Finger Death Punch Bristow,2026-10-23T19:00:00.000Z,"Jiffy Lube Live, Bristow, VA",160261769,6517189,
Five Finger Death Punch Burgettstown,2026-08-07T19:00:00.000Z,"The Pavilion at Star Lake, Burgettstown, PA",160261682,6517145,
Five Finger Death Punch Camden New,2026-07-20T19:00:00.000Z,"Freedom Mortgage Pavilion , Camden, NJ",160261768,6517031,
Five Finger Death Punch Charlotte North,2026-10-16T19:00:00.000Z,"Truliant Amphitheater, Charlotte, NC",160261693,6517299,
Five Finger Death Punch Cincinnati,2026-08-10T18:45:00.000Z,"Riverbend Music Center, Cincinnati, OH",160262402,6517279,
Five Finger Death Punch Clarkston,2026-08-16T18:45:00.000Z,"Pine Knob Music Theatre, Clarkston, MI",160261686,6517159,
Five Finger Death Punch Columbus,2026-10-21T19:00:00.000Z,"Nationwide Arena, Columbus, OH",160261692,6517215,
Five Finger Death Punch Cuyahoga Falls,2026-08-11T18:45:00.000Z,"Blossom Music Center, Cuyahoga Falls, OH",160261684,6517151,
Five Finger Death Punch Franklin,2026-10-08T18:45:00.000Z,"FirstBank Amphitheater, Franklin, TN",160262975,6517276,
Five Finger Death Punch Gilford New,2026-07-28T18:45:00.000Z,"BankNH Pavilion, Gilford, NH",160261680,6517120,
Five Finger Death Punch Grand Rapids,2026-08-15T19:00:00.000Z,"Acrisure Amphitheater, Grand Rapids, MI",160262938,6517157,
Five Finger Death Punch Greenville South,2026-10-19T19:00:00.000Z,"Bon Secours Wellness Arena , Greenville, SC",160261774,6517203,
Five Finger Death Punch Hershey,2026-07-25T19:00:00.000Z,"Hersheypark Stadium, Hershey, PA",160261677,6517071,
Five Finger Death Punch Holmdel New,2026-08-05T19:00:00.000Z,"PNC Bank Arts Center, Holmdel, NJ",160261771,6517133,
Five Finger Death Punch Long Beach,2026-09-18T19:00:00.000Z,"Long Beach Amphitheater, Long Beach, CA",160262955,6517197,
Five Finger Death Punch Mansfield,2026-07-30T18:45:00.000Z,"Xfinity Center, Mansfield, MA",160262921,6517124,
Five Finger Death Punch Maryland Heights,2026-08-21T18:45:00.000Z,"Hollywood Casino Amphitheater, Maryland Heights, MO",160261685,6517169,
Five Finger Death Punch Milwaukee,2026-08-13T19:00:00.000Z,"American Family Insurance Amphitheater - Summerfest Grounds, Milwaukee, WI",160261683,6517155,
Five Finger Death Punch Mountain View,2026-09-16T19:00:00.000Z,"Shoreline Amphitheatre, Mountain View, CA",160262953,6517187,
Five Finger Death Punch Noblesville,2026-08-08T18:45:00.000Z,"Ruoff Music Center, Noblesville, IN",160261762,6517147,
Five Finger Death Punch Phoenix,2026-09-24T19:00:00.000Z,"Talking Stick Resort Amphitheatre, Phoenix, AZ",160261687,6517224,
Five Finger Death Punch Raleigh North,2026-10-14T19:00:00.000Z,"Coastal Credit Union Music Park at Walnut Creek, Raleigh, NC",160261690,6517205,
Five Finger Death Punch Ridgefield,2026-09-12T19:00:00.000Z,"Cascades Amphitheater, Ridgefield, WA",160262960,6517183,
Five Finger Death Punch Riverside,2026-10-03T19:00:00.000Z,"Morton Amphitheater, Riverside, MO",160262972,6517263,
Five Finger Death Punch Rogers,2026-10-02T19:00:00.000Z,"Walmart AMP, Rogers, AR",160262989,6517171,
Five Finger Death Punch Saratoga Springs New,2026-07-23T19:00:00.000Z,"Saratoga Performing Arts Center, Saratoga Springs, NY",160261764,6517047,
Five Finger Death Punch Shakopee,2026-08-18T18:45:00.000Z,"Mystic Lake Amphitheater, Shakopee, MN",160262939,6517163,
Five Finger Death Punch Tampa,2026-10-10T19:00:00.000Z,"MIDFLORIDA Credit Union Amphitheatre at the FL State Fairgrounds, Tampa, FL",160261691,6517287,
Five Finger Death Punch The Woodlands,2026-09-27T19:00:00.000Z,"The Cynthia Woods Mitchell Pavilion sponsored by Huntsman, THE WOODLANDS, TX",160261761,6517241,
Five Finger Death Punch Tinley Park,2026-08-19T19:00:00.000Z,"Credit Union 1 Amphitheatre, Tinley Park, IL",160261775,6517167,
Five Finger Death Punch Virginia Beach,2026-10-17T19:00:00.000Z,"Veterans United Home Loans Amphitheater at Virginia Beach, Virginia Beach, VA",160261765,6517305,
Five Finger Death Punch Wantagh New,2026-08-04T19:00:00.000Z,"Northwell at Jones Beach Theater, Wantagh, NY",160261763,6517128,
Five Finger Death Punch West Palm Beach,2026-10-11T19:00:00.000Z,"iTHINK Financial Amphitheatre , West Palm Beach, FL",160261689,6517271,
Five Finger Death Punch West Valley City,2026-09-22T19:00:00.000Z,"Utah First Credit Union Amphitheatre, West Valley City, UT",160262988,6517217,
Five Finger Death Punch Wheatland,2026-09-14T19:00:00.000Z,"Toyota Amphitheatre, Wheatland, CA",160262954,6517185,
Foo Fighters Take Cover Tour 2026 Cleveland,2026-08-10T17:30:00.000Z,"Huntington Bank Field, Cleveland, OH",159706513,6176471,
Foo Fighters Take Cover Tour 2026 Detroit,2026-08-06T17:30:00.000Z,"Ford Field, Detroit, MI",159706573,6176463,
Foo Fighters Take Cover Tour 2026 Fargo North,2026-09-12T19:30:00.000Z,"Fargodome, Fargo, ND",159706501,6176481,
Foo Fighters Take Cover Tour 2026 Las Vegas,2026-09-26T17:30:00.000Z,"Allegiant Stadium, LAS VEGAS, NV",159706515,6176494,
Foo Fighters: TAKE COVER TOUR 2026,2026-08-08T17:30:00.000Z,"Soldier Field, Chicago, IL",159706512,6176465,
Foo Fighters: TAKE COVER TOUR 2026,2026-08-13T17:30:00.000Z,"Lincoln Financial Field, Philadelphia, PA",159706514,6176477,
Forrest Frank The Jesus Generation Tour Albany New,2026-06-13T19:00:00.000Z,"MVP Arena, Albany, NY",160032612,6395974,
Forrest Frank The Jesus Generation Tour Oakland,2026-07-14T19:00:00.000Z,"Oakland Arena, Oakland, CA",160032450,6396236,
Forrest Frank: The Jesus Generation Tour,2026-06-08T19:00:00.000Z,"KeyBank Center, Buffalo, NY",160032504,6395968,
Forrest Frank: The Jesus Generation Tour,2026-06-09T19:00:00.000Z,"DCU Center, Worcester, MA",160032613,6395970,
Forrest Frank: The Jesus Generation Tour,2026-06-10T19:00:00.000Z,"Madison Square Garden, New York, NY",160032445,6395872,
Forrest Frank: The Jesus Generation Tour,2026-06-12T19:00:00.000Z,"Jiffy Lube Live, Bristow, VA",160032446,6395972,
Forrest Frank: The Jesus Generation Tour,2026-06-14T19:00:00.000Z,"Hersheypark Stadium, Hershey, PA",160032452,6395976,
Forrest Frank: The Jesus Generation Tour,2026-06-16T19:00:00.000Z,"Lenovo Center, Raleigh, NC",160032496,6395978,
Forrest Frank: The Jesus Generation Tour,2026-07-28T19:00:00.000Z,"KFC Yum! Center, Louisville, KY",160032440,6396154,
Fuerza Regida This Is Our Dream Arlington,2026-07-31T21:00:00.000Z,"Globe Life Field, Arlington, TX",160482933,6652784,
Fuerza Regida This Is Our Dream Houston,2026-07-26T21:00:00.000Z,"Daikin Park, Houston, TX",160482935,6652782,
Fuerza Regida This Is Our Dream Las Vegas,2026-07-10T21:00:00.000Z,"Allegiant Stadium, LAS VEGAS, NV",160482932,6652776,
Fuerza Regida This Is Our Dream Los Angeles,2026-07-18T20:00:00.000Z,"Dodger Stadium, Los Angeles, CA",160482936,6652879,
Fuerza Regida This Is Our Dream Phoenix,2026-07-12T21:00:00.000Z,"Chase Field, Phoenix, AZ",160483309,6652778,
Fuerza Regida This Is Our Dream Queens New,2026-08-07T21:00:00.000Z,"Citi Field, Queens, NY",160482934,6652774,
Fuerza Regida This Is Our Dream San Diego,2026-06-18T20:00:00.000Z,"Petco Park, San Diego, CA",160482931,6652725,
Fuerza Regida This Is Our Dream San Francisco,2026-06-20T20:00:00.000Z,"Oracle Park, San Francisco, CA",160482937,6652729,
Fuerza Regida This Is Our Dream Seattle,2026-06-25T21:00:00.000Z,"T-Mobile Park, Seattle, WA",160482938,6652735,
Gabriel Fluffy Iglesias Live Atlantic City New,2026-09-05T17:00:00.000Z,"Borgata Event Center, Atlantic City, NJ",159978896,6363680,
Gabriel Fluffy Iglesias Live Atlantic City New,2026-09-05T20:30:00.000Z,"Borgata Event Center, Atlantic City, NJ",159978897,6363730,
Gabriel Fluffy Iglesias Live Bethlehem,2026-09-04T18:30:00.000Z,"The Wind Creek Event Center , Bethlehem, PA",159979826,6361885,
Gabriel Fluffy Iglesias Live Bethlehem,2026-09-04T22:00:00.000Z,"The Wind Creek Event Center , Bethlehem, PA",159979827,6361936,
Gabriel Fluffy Iglesias Live Hollywood,2026-07-10T20:00:00.000Z,"Hard Rock Live, HOLLYWOOD, FL",159794063,6254063,
Gabriel Fluffy Iglesias Live Las Vegas,2026-05-23T20:00:00.000Z,"The Cosmopolitan of Las Vegas, Las Vegas, NV",159786090,6249897,
Gabriel Fluffy Iglesias Live Las Vegas,2026-05-24T20:00:00.000Z,"The Cosmopolitan of Las Vegas, Las Vegas, NV",159786087,6249911,
Gabriel Fluffy Iglesias Live Ridgefield,2026-08-27T20:00:00.000Z,"ilani Cowlitz Ballroom, Ridgefield, WA",160102650,6426345,
Gabriel Iglesias Auburn,2026-08-29T21:30:00.000Z,"Muckleshoot Casino Events Center, Auburn, WA",160232796,6510318,
Gin Blossomsblues Traveler With Spin Doctors Atlanta,2026-09-05T18:00:00.000Z,"Synovus Bank Amphitheater at Chastain Park, Atlanta, GA",160313754,6547607,
Gin Blossomsblues Traveler With Spin Doctors Boston,2026-08-14T18:00:00.000Z,"Leader Bank Pavilion, Boston, MA",160313723,6548002,
Gin Blossomsblues Traveler With Spin Doctors Cincinnati,2026-09-17T18:00:00.000Z,"Riverbend Music Center, Cincinnati, OH",160313767,6547653,
Godsmack The Rise Of Rock World Albuquerque New,2026-09-07T19:00:00.000Z,"Isleta Amphitheater, Albuquerque, NM",160404356,6608750,
Godsmack The Rise Of Rock World Alpharetta,2026-05-21T19:00:00.000Z,"Ameris Bank Amphitheatre, Alpharetta, GA",160403313,6608692,
Godsmack The Rise Of Rock World Anaheim,2026-09-17T18:00:00.000Z,"Honda Center, Anaheim, CA",160403307,6608734,
Godsmack The Rise Of Rock World Auburn,2026-09-24T19:00:00.000Z,"White River Amphitheatre, Auburn, WA",160404373,6608716,
Godsmack The Rise Of Rock World Austin,2026-05-29T19:00:00.000Z,"Germania Insurance Amphitheater, Austin, TX",160404220,6608759,
Godsmack The Rise Of Rock World Bangor,2026-07-03T19:00:00.000Z,"Maine Savings Amphitheater, Bangor, ME",160404268,6608736,
Godsmack The Rise Of Rock World Burgettstown,2026-06-23T19:00:00.000Z,"The Pavilion at Star Lake, Burgettstown, PA",160403320,6608766,
Godsmack The Rise Of Rock World Chula Vista,2026-09-15T19:00:00.000Z,"North Island Credit Union Amphitheatre, Chula Vista, CA",160404358,6608757,
Godsmack The Rise Of Rock World Clarkston,2026-06-21T19:00:00.000Z,"Pine Knob Music Theatre, Clarkston, MI",160403316,6608742,
Godsmack The Rise Of Rock World Grand Rapids,2026-06-16T19:00:00.000Z,"Acrisure Amphitheater, Grand Rapids, MI",160404248,6608740,
Godsmack The Rise Of Rock World Irving,2026-05-27T19:00:00.000Z,"The Pavilion at Toyota Music Factory, Irving, TX",160404213,6608730,
Godsmack The Rise Of Rock World Las Vegas,2026-09-11T19:00:00.000Z,"PH Live at Planet Hollywood, Las Vegas, NV",160403318,6608764,
Godsmack The Rise Of Rock World Mountain View,2026-09-19T19:00:00.000Z,"Shoreline Amphitheatre, Mountain View, CA",160404359,6608748,
Godsmack The Rise Of Rock World Noblesville,2026-06-18T19:00:00.000Z,"Ruoff Music Center, Noblesville, IN",160403315,6608768,
Godsmack The Rise Of Rock World Orange Beach,2026-05-24T19:00:00.000Z,"The Wharf Amphitheater, Orange Beach, AL",160404212,6608718,
Godsmack The Rise Of Rock World Phoenix,2026-09-12T19:00:00.000Z,"Talking Stick Resort Amphitheatre, Phoenix, AZ",160403323,6608774,
Godsmack The Rise Of Rock World Riverside,2026-06-12T19:00:00.000Z,"Morton Amphitheater, Riverside, MO",160405392,6608762,
Godsmack The Rise Of Rock World The Woodlands,2026-05-30T19:00:00.000Z,"The Cynthia Woods Mitchell Pavilion sponsored by Huntsman, THE WOODLANDS, TX",160403304,6608792,
Godsmack The Rise Of Rock World Tinley Park,2026-06-20T19:00:00.000Z,"Credit Union 1 Amphitheatre, Tinley Park, IL",160403305,6608752,
Godsmack The Rise Of Rock World Wantagh New,2026-06-27T19:00:00.000Z,"Northwell at Jones Beach Theater, Wantagh, NY",160403322,6608772,
Goose Summer 2026 Saratoga Springs New,2026-07-04T19:00:00.000Z,"Saratoga Performing Arts Center, Saratoga Springs, NY",160357256,6580883,
Green Bay Packers vs. Atlanta Falcons,2026-09-24T19:15:00.000Z,Lambeau Field,160435466,6489939,
Green Bay Packers vs. Buffalo Bills,2026-12-13T19:20:00.000Z,Lambeau Field,160435467,6489941,
Green Bay Packers vs. Carolina Panthers,2026-10-29T19:15:00.000Z,Lambeau Field,160435470,6489945,
Green Bay Packers vs. Chicago Bears,2026-10-11T15:25:00.000Z,Lambeau Field,160435463,6489933,
Green Bay Packers vs. Dallas Cowboys,2026-10-18T19:20:00.000Z,Lambeau Field,160435469,6489964,
Green Bay Packers vs. Houston Texans,2027-01-04T19:15:00.000Z,Lambeau Field,160435468,6489962,
Green Bay Packers vs. Miami Dolphins,2026-12-20T12:00:00.000Z,Lambeau Field,160435464,6489958,
Green Bay Packers vs. Minnesota Vikings,2026-11-15T12:00:00.000Z,Lambeau Field,160435461,6489937,
Guns N Roses World Tour 2026 Arlington,2026-09-09T19:00:00.000Z,"Globe Life Field, Arlington, TX",159933752,6337470,
Guns N Roses World Tour 2026 Las Vegas,2026-08-22T19:00:00.000Z,"Allegiant Stadium, LAS VEGAS, NV",159933723,6337458,
Guns N Roses World Tour 2026 San Antonio,2026-09-16T18:25:00.000Z,"Alamodome, San Antonio, TX",159932884,6337466,
Guns N Roses World Tour 2026 San Diego,2026-09-02T19:00:00.000Z,"Snapdragon Stadium, San Diego, CA",159933729,6337612,
Guns N' Roses: World Tour 2026,2026-08-12T18:25:00.000Z,"MetLife Stadium, East Rutherford, NJ",159933739,6337354,
Guns N' Roses: World Tour 2026,2026-09-05T18:25:00.000Z,"Rose Bowl, Pasadena, CA",159933197,6338596,
Hardy The Country Country Tour Cincinnati,2026-05-21T19:00:00.000Z,"Riverbend Music Center, Cincinnati, OH",159570500,6120940,
Hardy The Country Country Tour Columbia,2026-06-11T19:00:00.000Z,"Merriweather Post Pavilion, Columbia, MD",159571005,6120932,
Hardy The Country Country Tour Cuyahoga Falls,2026-05-28T19:00:00.000Z,"Blossom Music Center, Cuyahoga Falls, OH",159570231,6120943,
Hardy The Country Country Tour Darien Center New,2026-05-29T19:00:00.000Z,"Darien Lake Amphitheater, Darien Center, NY",159570600,6120949,
Hardy The Country Country Tour Mansfield,2026-06-26T19:00:00.000Z,"Xfinity Center, Mansfield, MA",159571391,6120936,
Hardy The Country Country Tour Maryland Heights,2026-06-05T19:00:00.000Z,"Hollywood Casino Amphitheater, Maryland Heights, MO",159570933,6120951,
Hardy The Country Country Tour Noblesville,2026-06-06T19:00:00.000Z,"Ruoff Music Center, Noblesville, IN",159570981,6120970,
Hardy The Country Country Tour Orange Beach,2026-05-23T19:00:00.000Z,"The Wharf Amphitheater, Orange Beach, AL",159570157,6120980,
Hardy The Country Country Tour Raleigh North,2026-06-13T19:00:00.000Z,"Coastal Credit Union Music Park at Walnut Creek, Raleigh, NC",159571073,6120930,
Hardy The Country Country Tour Rogers,2026-06-04T19:00:00.000Z,"Walmart AMP, Rogers, AR",159570810,6120954,
Hardy The Country Country Tour Virginia Beach,2026-06-12T19:00:00.000Z,"Veterans United Home Loans Amphitheater at Virginia Beach, Virginia Beach, VA",159571054,6120931,
Hilary Duff The Lucky Me Tour Albuquerque New,2026-07-02T19:00:00.000Z,"First Financial Credit Union Amphitheater, Albuquerque, NM",160587521,6718947,
Hilary Duff The Lucky Me Tour Alpharetta,2026-06-25T19:00:00.000Z,"Ameris Bank Amphitheatre, Alpharetta, GA",160482277,6652297,
Hilary Duff The Lucky Me Tour Auburn,2026-07-15T19:00:00.000Z,"White River Amphitheatre, Auburn, WA",160482880,6652333,
Hilary Duff The Lucky Me Tour Austin,2026-06-28T18:30:00.000Z,"Germania Insurance Amphitheater, Austin, TX",160482626,6652303,
Hilary Duff The Lucky Me Tour Bristow,2026-08-02T19:00:00.000Z,"Jiffy Lube Live, Bristow, VA",160482882,6652364,
Hilary Duff The Lucky Me Tour Franklin,2026-07-29T19:00:00.000Z,"FirstBank Amphitheater, Franklin, TN",160540954,6689827,
Hilary Duff The Lucky Me Tour Inglewood,2026-07-08T19:00:00.000Z,"Kia Forum, Inglewood, CA",160482625,6652315,
Hilary Duff The Lucky Me Tour Inglewood,2026-07-09T19:00:00.000Z,"Kia Forum, Inglewood, CA",160515305,6673417,
Hilary Duff The Lucky Me Tour Maryland Heights,2026-07-22T19:00:00.000Z,"Hollywood Casino Amphitheater, Maryland Heights, MO",160482881,6652344,
Hilary Duff The Lucky Me Tour New York New,2026-08-05T19:00:00.000Z,"Madison Square Garden, New York, NY",160482951,6652376,
Hilary Duff The Lucky Me Tour Noblesville,2026-07-23T19:00:00.000Z,"Ruoff Music Center, Noblesville, IN",160482888,6652346,
Hilary Duff The Lucky Me Tour Phoenix,2026-07-03T19:00:00.000Z,"Talking Stick Resort Amphitheatre, Phoenix, AZ",160482342,6652311,
Hilary Duff The Lucky Me Tour Ridgefield,2026-07-14T19:00:00.000Z,"Cascades Amphitheater, Ridgefield, WA",160482848,6652327,
Hilary Duff The Lucky Me Tour Shakopee,2026-07-25T19:00:00.000Z,"Mystic Lake Amphitheater, Shakopee, MN",160482909,6652350,
Hilary Duff The Lucky Me Tour Tampa,2026-06-23T19:00:00.000Z,"MIDFLORIDA Credit Union Amphitheatre at the FL State Fairgrounds, Tampa, FL",160482356,6652295,
Hilary Duff The Lucky Me Tour Tinley Park,2026-07-26T19:00:00.000Z,"Credit Union 1 Amphitheatre, Tinley Park, IL",160482659,6652352,
Hilary Duff The Lucky Me Tour West Palm Beach,2026-06-21T19:00:00.000Z,"iTHINK Financial Amphitheatre , West Palm Beach, FL",160527600,6682724,
Hilary Duff The Lucky Me Tour West Palm Beach,2026-06-22T19:00:00.000Z,"iTHINK Financial Amphitheatre , West Palm Beach, FL",160482308,6652292,
Hilary Duff The Lucky Me Tour West Valley City,2026-07-17T19:00:00.000Z,"Utah First Credit Union Amphitheatre, West Valley City, UT",160482833,6652340,
Hilary Duff The Lucky Me Tour Wheatland,2026-07-12T19:00:00.000Z,"Toyota Amphitheatre, Wheatland, CA",160482730,6652323,
Houston Texans v Las Vegas Raiders: Preseason,2026-08-20T19:00:00.000Z,NRG Stadium,160425850,6585292,
Houston Texans v Los Angeles Chargers: Preseason,2026-08-13T19:00:00.000Z,NRG Stadium,160425849,6585290,
Houston Texans vs. Baltimore Ravens,2026-11-29T12:00:00.000Z,NRG Stadium,160418922,6490020,
Houston Texans vs. Buffalo Bills,2026-09-13T12:00:00.000Z,NRG Stadium,160418925,6490070,
Houston Texans vs. Cincinnati Bengals,2026-09-20T12:00:00.000Z,NRG Stadium,160418918,6490062,
Houston Texans vs. Dallas Cowboys,2026-10-04T12:00:00.000Z,NRG Stadium,160418924,6490074,
Houston Texans vs. Indianapolis Colts,2026-11-19T19:15:00.000Z,NRG Stadium,160418921,6489988,
Houston Texans vs. Jacksonville Jaguars,2026-12-20T12:00:00.000Z,NRG Stadium,160418923,6490002,
Houston Texans vs. New York Giants,2026-10-25T12:00:00.000Z,NRG Stadium,160418920,6490076,
Indianapolis Colts vs. Baltimore Ravens,2026-09-13T13:00:00.000Z,Lucas Oil Stadium,160424909,6490115,
Indianapolis Colts vs. Dallas Cowboys,2026-11-08T13:00:00.000Z,Lucas Oil Stadium,160424908,6490121,
Indianapolis Colts vs. Houston Texans,2026-09-27T13:00:00.000Z,Lucas Oil Stadium,160424913,6490109,
Indianapolis Colts vs. Miami Dolphins,2026-11-15T13:00:00.000Z,Lucas Oil Stadium,160424914,6490119,
Indianapolis Colts vs. New York Giants,2026-11-29T13:00:00.000Z,Lucas Oil Stadium,160424910,6490123,
Indianapolis Colts vs. Tennessee Titans,2026-10-18T13:00:00.000Z,Lucas Oil Stadium,160424912,6490113,
Inter Miami CF vs Atlanta United FC,2026-09-05T19:30:00.000Z,"Miami Freedom Park, Miami, FL",159920417,6324806,
Inter Miami CF vs CF Montreal,2026-08-29T19:30:00.000Z,"Miami Freedom Park, Miami, FL",159920414,6324790,
Inter Miami CF vs Charlotte FC,2026-11-07T16:00:00.000Z,"Miami Freedom Park, Miami, FL",159920420,6324916,
Inter Miami CF vs Chicago Fire FC,2026-07-22T19:30:00.000Z,"Miami Freedom Park, Miami, FL",159920410,6324604,
Inter Miami CF vs Columbus Crew,2026-08-01T19:30:00.000Z,"Miami Freedom Park, Miami, FL",159920422,6324754,
Inter Miami CF vs D.C. United,2026-10-10T19:30:00.000Z,"Miami Freedom Park, Miami, FL",159920424,6324832,
Inter Miami CF vs FC Cincinnati,2026-10-28T19:30:00.000Z,"Miami Freedom Park, Miami, FL",159920423,6324898,
Inter Miami CF vs Nashville SC,2026-09-12T19:30:00.000Z,"Miami Freedom Park, Miami, FL",159920415,6324808,
Inter Miami CF vs New York City FC,2026-10-14T19:30:00.000Z,"Miami Freedom Park, Miami, FL",159920421,6324840,
Inter Miami CF vs Philadelphia Union,2026-05-24T19:00:00.000Z,"Miami Freedom Park, Miami, FL",159920425,6324686,
Inter Miami CF vs San Diego FC,2026-09-20T19:00:00.000Z,"Miami Freedom Park, Miami, FL",159920419,6324822,
Inter Miami CF vs Toronto FC,2026-08-22T19:30:00.000Z,"Miami Freedom Park, Miami, FL",159920411,6324770,
Ionia Freak Fair,2026-08-28T15:00:00.000Z,Ionia Fairgrounds,160486452,6584757,
Ionia Freak Fair,2026-08-29T15:00:00.000Z,Ionia Fairgrounds,160486468,6584759,
Iron Maiden Run For Your Lives Harrison New,2026-09-06T18:15:00.000Z,"Sports Illustrated Stadium, Harrison, NJ",159831409,6277475,
Iron Maiden Run For Your Lives Hershey,2026-09-15T19:15:00.000Z,"Hersheypark Stadium, Hershey, PA",159706417,6176669,
Iron Maiden Run For Your Lives San Antonio,2026-09-29T18:15:00.000Z,"Alamodome, San Antonio, TX",159706629,6176679,
Iron Maiden Run For Your Lives Shakopee,2026-09-19T19:15:00.000Z,"Mystic Lake Amphitheater, Shakopee, MN",159706627,6176762,
J Cole The Falloff Tour Atlanta,2026-07-17T20:00:00.000Z,"State Farm Arena, Atlanta, GA",160504651,6665934,
J Cole The Falloff Tour Atlanta,2026-07-18T20:00:00.000Z,"State Farm Arena, Atlanta, GA",160512765,6671596,
J Cole The Falloff Tour Austin,2026-09-14T20:00:00.000Z,"Moody Center ATX, Austin, TX",160505064,6665991,
J Cole The Falloff Tour Boston,2026-08-07T20:00:00.000Z,"TD Garden, Boston, MA",160504683,6665948,
J Cole The Falloff Tour Boston,2026-08-08T20:00:00.000Z,"TD Garden, Boston, MA",160512763,6671587,
J Cole The Falloff Tour Brooklyn New,2026-07-31T20:00:00.000Z,"Barclays Center, Brooklyn, NY",160504666,6665942,
J Cole The Falloff Tour Brooklyn New,2026-08-01T20:00:00.000Z,"Barclays Center, Brooklyn, NY",160513034,6671853,
J Cole The Falloff Tour Charlotte North,2026-07-10T20:00:00.000Z,"Spectrum Center, Charlotte, NC",160522322,6678307,
J Cole The Falloff Tour Chicago,2026-08-12T20:00:00.000Z,"United Center, Chicago, IL",160513218,6672533,
J Cole The Falloff Tour Dallas,2026-09-19T20:00:00.000Z,"American Airlines Center, Dallas, TX",160505065,6648194,
J Cole The Falloff Tour Dallas,2026-09-20T20:00:00.000Z,"American Airlines Center, Dallas, TX",160475518,6672542,
J Cole The Falloff Tour Detroit,2026-08-16T20:00:00.000Z,"Little Caesars Arena, Detroit, MI",160504913,6665952,
J Cole The Falloff Tour Los Angeles,2026-09-01T20:00:00.000Z,"Crypto.com Arena, Los Angeles, CA",160354471,6579642,
J Cole The Falloff Tour Los Angeles,2026-09-07T20:00:00.000Z,"Crypto.com Arena, Los Angeles, CA",160524208,6679535,
J Cole The Falloff Tour Miami,2026-07-14T20:00:00.000Z,"Kaseya Center, Miami, FL",160504642,6665926,
J Cole The Falloff Tour Minneapolis,2026-08-18T20:00:00.000Z,"Target Center, Minneapolis, MN",160354520,6579656,
J Cole The Falloff Tour New York New,2026-08-04T20:00:00.000Z,"Madison Square Garden, New York, NY",160504668,6665944,
J Cole The Falloff Tour Oakland,2026-08-30T20:00:00.000Z,"Oakland Arena, Oakland, CA",160515247,6673144,
J Cole The Falloff Tour Philadelphia,2026-07-20T20:00:00.000Z,"Xfinity Mobile Arena, Philadelphia, PA",160504653,6665938,
J Cole The Falloff Tour Philadelphia,2026-07-21T20:00:00.000Z,"Xfinity Mobile Arena, Philadelphia, PA",160512764,6671604,
J Cole The Falloff Tour Phoenix,2026-09-10T20:00:00.000Z,"Mortgage Matchup Center, Phoenix, AZ",160505089,6665984,
J Cole The Falloff Tour San Antonio,2026-09-13T20:00:00.000Z,"Frost Bank Center, San Antonio, TX",160505063,6665987,
J Cole The Falloff Tour Tampa,2026-07-15T20:00:00.000Z,"Benchmark International Arena, Tampa, FL",160504645,6665932,
Jack Johnson Surfilmusic Tour 2026 Austin,2026-08-29T19:30:00.000Z,"Germania Insurance Amphitheater, Austin, TX",159820317,6269085,
Jack Johnson Surfilmusic Tour 2026 Burgettstown,2026-07-03T19:30:00.000Z,"The Pavilion at Star Lake, Burgettstown, PA",159819632,6269091,
Jack Johnson Surfilmusic Tour 2026 Charlotte North,2026-08-23T19:30:00.000Z,"Truliant Amphitheater, Charlotte, NC",159819721,6269117,
Jack Johnson Surfilmusic Tour 2026 Chula Vista,2026-10-09T19:30:00.000Z,"North Island Credit Union Amphitheatre, Chula Vista, CA",159820439,6269153,
Jack Johnson Surfilmusic Tour 2026 Clarkston,2026-07-10T19:30:00.000Z,"Pine Knob Music Theatre, Clarkston, MI",159819720,6269103,
Jack Johnson Surfilmusic Tour 2026 Cuyahoga Falls,2026-07-07T19:30:00.000Z,"Blossom Music Center, Cuyahoga Falls, OH",159819636,6269099,
Jack Johnson Surfilmusic Tour 2026 Dallas,2026-08-30T19:30:00.000Z,"Dos Equis Pavilion, Dallas, TX",159819717,6269131,
Jack Johnson Surfilmusic Tour 2026 George,2026-09-26T18:30:00.000Z,"Gorge Amphitheatre, George, WA",159819643,6269143,
Jack Johnson Surfilmusic Tour 2026 Hollywood,2026-10-10T19:30:00.000Z,"Hollywood Bowl, Hollywood, CA",159819775,6269155,
Jack Johnson Surfilmusic Tour 2026 Hollywood,2026-10-11T19:00:00.000Z,"Hollywood Bowl, Hollywood, CA",159820406,6269483,
Jack Johnson Surfilmusic Tour 2026 Kansas City,2026-09-01T18:30:00.000Z,"Morton Amphitheater, Kansas City, MO",159820395,6269135,
Jack Johnson Surfilmusic Tour 2026 Noblesville,2026-07-04T19:30:00.000Z,"Ruoff Music Center, Noblesville, IN",159819723,6269093,
Jack Johnson Surfilmusic Tour 2026 Orange Beach,2026-08-26T19:30:00.000Z,"The Wharf Amphitheater, Orange Beach, AL",159820300,6269125,
Jack Johnson Surfilmusic Tour 2026 Phoenix,2026-10-06T19:30:00.000Z,"Talking Stick Resort Amphitheatre, Phoenix, AZ",159819724,6269151,
Jack Johnson Surfilmusic Tour 2026 Shakopee,2026-07-12T19:30:00.000Z,"Mystic Lake Amphitheater, Shakopee, MN",159820237,6269107,
Jack Johnson Surfilmusic Tour 2026 Tampa,2026-08-19T19:30:00.000Z,"MIDFLORIDA Credit Union Amphitheatre at the FL State Fairgrounds, Tampa, FL",159819726,6269111,
Jack Johnson Surfilmusic Tour 2026 The Woodlands,2026-08-28T19:30:00.000Z,"The Cynthia Woods Mitchell Pavilion sponsored by Huntsman, THE WOODLANDS, TX",159819725,6268991,
Jack Johnson Surfilmusic Tour 2026 Wantagh New,2026-06-28T19:30:00.000Z,"Northwell at Jones Beach Theater, Wantagh, NY",159819625,6269083,
Jack Johnson Surfilmusic Tour 2026 West Palm Beach,2026-08-18T19:30:00.000Z,"iTHINK Financial Amphitheatre , West Palm Beach, FL",159819640,6269109,
Jack Johnson Surfilmusic Tour 2026 West Valley City,2026-09-04T19:30:00.000Z,"Utah First Credit Union Amphitheatre, West Valley City, UT",159820360,6269137,
JACK WHITE LIVE 2026,2026-07-21T20:00:00.000Z,Everwise Amphitheater at White River State Park,160862518,6887251,
JACK WHITE LIVE 2026,2026-07-25T19:00:00.000Z,Pine Knob Music Theatre,160862440,6887203,
JACK WHITE LIVE 2026,2026-10-03T20:00:00.000Z,Arizona Financial Theatre,160862436,6887371,
Jacksonville Jaguars vs. Cleveland Browns,2026-09-13T13:00:00.000Z,EverBank Stadium ,160418792,6490150,
Jacksonville Jaguars vs. Indianapolis Colts,2026-11-01T13:00:00.000Z,EverBank Stadium ,160418791,6490144,
Jacksonville Jaguars vs. New England Patriots,2026-09-27T13:00:00.000Z,EverBank Stadium ,160418786,6490174,
Jacksonville Jaguars vs. Pittsburgh Steelers,2026-12-14T20:15:00.000Z,EverBank Stadium ,160418790,6490156,
Jacksonville Jaguars vs. Tennessee Titans,2026-11-29T16:05:00.000Z,EverBank Stadium ,160418793,6490146,
James Taylor,2026-06-18T19:30:00.000Z,"Bethel Woods Center for the Arts, Bethel, NY",160262229,6517321,
James Taylor,2026-06-20T19:30:00.000Z,"BankNH Pavilion, Gilford, NH",160261676,6517079,
James Taylor,2026-06-23T19:30:00.000Z,"Northwell at Jones Beach Theater, Wantagh, NY",160261766,6517358,
James Taylor,2026-06-25T19:30:00.000Z,"GIANT Center, Hershey, PA",160262892,6517301,
James Taylor,2026-06-27T19:30:00.000Z,"Hard Rock Live at Etess Arena, Atlantic City, NJ",160261770,6517297,
James Taylor,2026-09-11T19:30:00.000Z,"Colonial Life Arena, Columbia, SC",160262236,6517291,
James Taylor,2026-09-13T19:30:00.000Z,"Truliant Amphitheater, Charlotte, NC",160261688,6517075,
James Taylor,2026-09-20T19:00:00.000Z,"Credit One Stadium , Charleston, SC",160262230,6517237,
James Taylor & His All-Star Band,2026-06-22T19:30:00.000Z,"Hartford HealthCare Amphitheater, Bridgeport, CT",160262232,6517366,
James Taylor And His All-Star Band,2026-09-05T19:30:00.000Z,"MGM Music Hall at Fenway, Boston, MA",160261772,6517069,
James Taylor And His All-Star Band,2026-09-06T19:30:00.000Z,"MGM Music Hall at Fenway, Boston, MA",160261773,6517081,
James Taylor And His All-Star Band,2026-09-26T19:30:00.000Z,"Hard Rock Live, HOLLYWOOD, FL",160262238,6517344,
Jason Aldean Full Throttle Tour 2026 Charleston West,2026-08-21T19:00:00.000Z,"Charleston Coliseum, Charleston, WV",159393994,6011664,
Jason Isbell Knoxville,2026-07-17T19:00:00.000Z,"Tennessee Theatre, Knoxville, TN",159464704,6067483,
Jason Isbell Knoxville,2026-07-18T19:00:00.000Z,"Tennessee Theatre, Knoxville, TN",159464705,6067486,
JAY-Z 25,2026-07-11T20:00:00.000Z,Yankee Stadium,160715746,6802413,
JAY-Z 30,2026-07-10T20:00:00.000Z,Yankee Stadium,160715728,6802415,
Jeff Dunham Artificial Intelligence Las Vegas,2026-05-31T19:00:00.000Z,"PH Live at Planet Hollywood, Las Vegas, NV",159727107,6194764,
Jeff Dunham Artificial Intelligence Las Vegas,2026-10-04T19:00:00.000Z,"PH Live at Planet Hollywood, Las Vegas, NV",159727106,6194771,
Jeff Dunham Artificial Intelligence Las Vegas,2026-11-08T19:00:00.000Z,"PH Live at Planet Hollywood, Las Vegas, NV",159727108,6194765,
Jeff Dunham Artificial Intelligence Las Vegas,2026-12-06T19:00:00.000Z,"PH Live at Planet Hollywood, Las Vegas, NV",159727110,6194768,
Jeff Dunham Gabriel Iglesias Wantagh New,2026-08-07T19:30:00.000Z,"Northwell at Jones Beach Theater, Wantagh, NY",160094675,6428308,
Jelly Roll - The Little Ass Shed Tour,2026-06-05T19:00:00.000Z,BankPlus Amphitheater at Snowden Grove,161068069,6981845,
Jimmy Eat World 25 Years Of Chicago,2026-06-11T19:00:00.000Z,"Huntington Bank Pavilion at Northerly Island, Chicago, IL",160465023,6640830,
Jimmy Eat World 25 Years Of Concord,2026-07-24T18:00:00.000Z,"Toyota Pavilion at Concord, Concord, CA",160466769,6640856,
Jimmy Eat World 25 Years Of Sterling Heights,2026-06-12T19:00:00.000Z,"Michigan Lottery Amphitheatre at Freedom Hill, Sterling Heights, MI",160466716,6640832,
Jimmy Eat World 25 Years Of Tampa,2026-11-14T19:00:00.000Z,"MIDFLORIDA Credit Union Amphitheatre at the FL State Fairgrounds, Tampa, FL",160465020,6640868,
Joe Russos Almost Dead Richmond,2026-05-21T19:00:00.000Z,"Allianz Amphitheater at Riverfront, Richmond, VA",159458340,6063099,
John Mellencamp Dancing Words Tour The Alpharetta,2026-08-01T19:00:00.000Z,"Ameris Bank Amphitheatre, Alpharetta, GA",160272671,6522907,
John Mellencamp Dancing Words Tour The Bristow,2026-07-29T19:00:00.000Z,"Jiffy Lube Live, Bristow, VA",160272666,6522894,
John Mellencamp Dancing Words Tour The Charlotte North,2026-07-30T19:00:00.000Z,"Truliant Amphitheater, Charlotte, NC",160272654,6522896,
John Mellencamp Dancing Words Tour The Clarkston,2026-07-16T19:00:00.000Z,"Pine Knob Music Theatre, Clarkston, MI",160272658,6522846,
John Mellencamp Dancing Words Tour The Cuyahoga Falls,2026-07-21T19:00:00.000Z,"Blossom Music Center, Cuyahoga Falls, OH",160272665,6522863,
John Mellencamp Dancing Words Tour The Grand Rapids,2026-07-10T19:00:00.000Z,"Acrisure Amphitheater, Grand Rapids, MI",160274573,6522829,
John Mellencamp Dancing Words Tour The Hollywood,2026-08-10T19:00:00.000Z,"Hollywood Bowl, Hollywood, CA",160272656,6522921,
John Mellencamp Dancing Words Tour The Mansfield,2026-07-24T19:00:00.000Z,"Xfinity Center, Mansfield, MA",160273631,6522867,
John Mellencamp Dancing Words Tour The Mountain View,2026-08-12T19:00:00.000Z,"Shoreline Amphitheatre, Mountain View, CA",160273642,6522983,
John Mellencamp Dancing Words Tour The Phoenix,2026-08-09T19:00:00.000Z,"Talking Stick Resort Amphitheatre, Phoenix, AZ",160272655,6522917,
John Mellencamp Dancing Words Tour The Riverside,2026-07-13T19:00:00.000Z,"Morton Amphitheater, Riverside, MO",160273626,6522837,
John Mellencamp Dancing Words Tour The Shakopee,2026-07-14T19:00:00.000Z,"Mystic Lake Amphitheater, Shakopee, MN",160273622,6522841,
John Mellencamp Dancing Words Tour The Tampa,2026-08-03T20:00:00.000Z,"MIDFLORIDA Credit Union Amphitheatre at the FL State Fairgrounds, Tampa, FL",160272657,6522911,
John Mellencamp Dancing Words Tour The The Woodlands,2026-08-06T19:00:00.000Z,"The Cynthia Woods Mitchell Pavilion sponsored by Huntsman, THE WOODLANDS, TX",160272670,6522915,
John Mellencamp Dancing Words Tour The Tinley Park,2026-07-11T19:00:00.000Z,"Credit Union 1 Amphitheatre, Tinley Park, IL",160272669,6522833,
John Mellencamp Dancing Words Tour The Wantagh New,2026-07-26T20:00:00.000Z,"Northwell at Jones Beach Theater, Wantagh, NY",160272667,6522881,
John Mulaney Mister Whatever Asheville North,2026-08-09T19:00:00.000Z,"Harrah's Cherokee Center - Asheville, Asheville, NC",160514093,6669977,
John Mulaney Mister Whatever Atlantic City New,2026-10-23T21:00:00.000Z,"Ovation Hall at Ocean Casino Resort , Atlantic City, NJ",160514339,6670019,
John Mulaney Mister Whatever Charlotte North,2026-08-08T19:00:00.000Z,"Ovens Auditorium, Charlotte, NC",160514083,6669971,
John Mulaney Mister Whatever Louisville,2026-08-06T18:30:00.000Z,"The Louisville Palace, Louisville, KY",160514068,6669969,
John Mulaney Mister Whatever Norfolk,2026-05-31T19:00:00.000Z,"Chrysler Hall, Norfolk, VA",159663490,6163229,
John Mulaney Mister Whatever Saratoga Springs New,2026-07-31T20:00:00.000Z,"Albany Med Health System at SPAC, Saratoga Springs, NY",160511565,6669963,
John Mulaney Mister Whatever Tucson,2026-06-06T19:00:00.000Z,"Linda Ronstadt Music Hall, Tucson, AZ",160513773,6669929,
John Mulaney With Guests Fred Armisen Gilford New,2026-09-10T19:30:00.000Z,"BankNH Pavilion, Gilford, NH",160032422,6396448,
John Mulaney With Guests Fred Armisen Grand Rapids,2026-09-12T19:30:00.000Z,"Acrisure Amphitheater, Grand Rapids, MI",160033632,6396430,
John Mulaney With Mike Birbiglia And Camdenton,2026-08-15T20:00:00.000Z,"Ozarks Amphitheater, Camdenton, MO",160514140,6669985,
John Mulaney With Mike Birbiglia And Waite Park,2026-08-22T20:00:00.000Z,"The Ledge Amphitheater, Waite Park, MN",160514169,6669995,
John Mulaney With Very Special Guest Cedar Rapids,2026-08-13T20:00:00.000Z,"McGrath Amphitheatre, Cedar Rapids, IA",160514117,6669981,
John Mulaney With Very Special Guest George,2026-08-29T20:00:00.000Z,"Gorge Amphitheatre, George, WA",160511681,6670011,
John Mulaney With Very Special Guest Lincoln,2026-08-21T20:00:00.000Z,"Pinewood Bowl Theater, Lincoln, NE",160514163,6669991,
Josh Groban Gems The Las Vegas Las Vegas,2026-10-02T19:00:00.000Z,"The Colosseum at Caesars Palace, Las Vegas, NV",160465816,6641132,
Josh Groban Gems The Las Vegas Las Vegas,2026-10-03T20:00:00.000Z,"The Colosseum at Caesars Palace, Las Vegas, NV",160465814,6641134,
Josh Groban Gems The Las Vegas Las Vegas,2026-10-07T20:00:00.000Z,"The Colosseum at Caesars Palace, Las Vegas, NV",160465815,6641136,
Josh Groban Gems The Las Vegas Las Vegas,2026-10-09T20:00:00.000Z,"The Colosseum at Caesars Palace, Las Vegas, NV",160465817,6641138,
Josh Groban Gems The Las Vegas Las Vegas,2026-10-10T20:00:00.000Z,"The Colosseum at Caesars Palace, Las Vegas, NV",160465818,6641140,
Josh Groban With Special Guest Jennifer Columbus,2026-06-24T20:00:00.000Z,"Schottenstein Center, Columbus, OH",160094677,6427588,
Josh Groban With Special Guest Jennifer Denver,2026-07-01T20:00:00.000Z,"Ball Arena, Denver, CO",160094660,6427576,
Josh Groban With Special Guest Jennifer Detroit,2026-06-25T20:00:00.000Z,"Little Caesars Arena, Detroit, MI",160094678,6427746,
Josh Groban With Special Guest Jennifer Duluth,2026-06-17T20:00:00.000Z,"Gas South Arena, Duluth, GA",160094839,6427578,
Josh Groban With Special Guest Jennifer Hershey,2026-06-10T20:00:00.000Z,"GIANT Center, Hershey, PA",160094838,6427596,
Josh Groban With Special Guest Jennifer Hollywood,2026-06-20T20:00:00.000Z,"Hard Rock Live, HOLLYWOOD, FL",160094840,6427594,
Josh Groban with special guest Jennifer Hudson,2026-06-06T20:00:00.000Z,"TD Garden, Boston, MA",160096342,6427602,
Josh Groban With Special Guest Jennifer Nashville,2026-06-16T20:00:00.000Z,"Bridgestone Arena, Nashville, TN",160094662,6427574,
Josh Groban With Special Guest Jennifer New York New,2026-06-12T20:00:00.000Z,"Madison Square Garden, New York, NY",160094753,6427600,
Josh Groban With Special Guest Jennifer Philadelphia,2026-06-07T20:00:00.000Z,"Xfinity Mobile Arena, Philadelphia, PA",160094665,6427598,
Josh Groban With Special Guest Jennifer Rosemont,2026-06-27T20:00:00.000Z,"Allstate Arena, Rosemont, IL",160094661,6427580,
Josh Groban With Special Guest Jennifer Saint Paul,2026-06-28T20:00:00.000Z,"Grand Casino Arena, Saint Paul, MN",160094663,6427582,
Josh Groban With Special Guest Jennifer Tampa,2026-06-19T20:00:00.000Z,"Benchmark International Arena, Tampa, FL",160094676,6427584,
Josh Groban With Special Guest Jennifer West Valley City,2026-07-03T20:00:00.000Z,"Canyon View Credit Union Stage at Maverik Center, West Valley City, UT",160094841,6427592,
Journey Final Frontier Tour An Evening Allentown,2026-06-11T19:00:00.000Z,"PPL Center, Allentown, PA",159812740,6265088,
Journey Final Frontier Tour An Evening Atlantic City New,2026-05-23T19:00:00.000Z,"Boardwalk Hall, Atlantic City, NJ",159811862,6265060,
Journey Final Frontier Tour An Evening Buffalo New,2026-06-10T19:00:00.000Z,"KeyBank Center, Buffalo, NY",159811721,6265086,
Journey Final Frontier Tour An Evening Cincinnati,2026-06-13T19:00:00.000Z,"Heritage Bank Center, Cincinnati, OH",159811852,6265092,
Journey Final Frontier Tour An Evening Corpus Christi,2026-07-01T19:00:00.000Z,"Hilliard Center Arena, Corpus Christi, TX",159812745,6265122,
Journey Final Frontier Tour An Evening Evansville,2026-06-17T19:00:00.000Z,"Ford Center, Evansville, IN",159812268,6265094,
Journey Final Frontier Tour An Evening Fort Wayne,2026-06-18T19:00:00.000Z,"Allen County War Memorial Coliseum, Fort Wayne, IN",159812741,6265096,
Journey Final Frontier Tour An Evening Greensboro North,2026-05-21T19:00:00.000Z,"First Horizon Coliseum, Greensboro, NC",159811894,6265058,
Journey Final Frontier Tour An Evening Hampton,2026-06-03T19:00:00.000Z,"Hampton Coliseum, Hampton, VA",159812738,6265072,
Journey Final Frontier Tour An Evening Knoxville,2026-05-30T19:00:00.000Z,"Food City Center, Knoxville, TN",159811768,6265064,
Journey Final Frontier Tour An Evening Lafayette,2026-06-28T19:00:00.000Z,"Lafayette Cajundome, Lafayette, LA",159812832,6265114,
Journey Final Frontier Tour An Evening Moline,2026-06-24T19:00:00.000Z,"Vibrant Arena at the Mark, Moline, IL",159812742,6265100,
Journey Final Frontier Tour An Evening Roanoke,2026-06-04T19:00:00.000Z,"Berglund Coliseum, Roanoke, VA",159812743,6265082,
Journey Final Frontier Tour An Evening Savannah,2026-05-31T19:00:00.000Z,"Enmarket Arena, Savannah, GA",159812739,6265066,
Journey Final Frontier Tour An Evening Tupelo,2026-06-27T19:00:00.000Z,"Cadence Bank Arena, Tupelo, MS",159812744,6265102,
Journey Final Frontier Tour An Evening University Park,2026-05-27T19:00:00.000Z,"Bryce Jordan Center, University Park, PA",159812737,6265062,
Kansas City Chiefs v Arizona Cardinals,2026-11-22T12:00:00.000Z,GEHA Field at Arrowhead Stadium,160425133,6491124,
Kansas City Chiefs v Denver Broncos,2026-09-14T19:15:00.000Z,GEHA Field at Arrowhead Stadium,160425139,6491101,
Kansas City Chiefs v Indianapolis Colts,2026-09-20T19:20:00.000Z,GEHA Field at Arrowhead Stadium,160425136,6491114,
Kansas City Chiefs v Los Angeles Chargers,2026-10-18T15:25:00.000Z,GEHA Field at Arrowhead Stadium,160425132,6491107,
Kansas City Chiefs v New England Patriots,2026-12-21T19:15:00.000Z,GEHA Field at Arrowhead Stadium,160425135,6491112,
Kansas City Chiefs v New York Jets,2026-11-08T12:00:00.000Z,GEHA Field at Arrowhead Stadium,160425134,6491109,
Kansas City Chiefs v San Francisco 49ers,2026-12-27T15:25:00.000Z,GEHA Field at Arrowhead Stadium,160425140,6491132,
Kansas Speedway Fall Nascar Cup Series Kansas City,2026-09-27T19:00:00.000Z,"Kansas Speedway, Kansas City, KS",159801541,5954175,
Kansas Speedway Nascar Craftsman Truck Series Kansas City,2026-09-26T19:00:00.000Z,"Kansas Speedway, Kansas City, KS",159218368,5953944,
Keith Sweat Birthday Bash Brooklyn New,2026-07-25T20:00:00.000Z,"Barclays Center, Brooklyn, NY",160395793,6599668,
Kelly Clarkson Studio Sessions The Las Las Vegas,2026-07-18T20:00:00.000Z,"The Colosseum at Caesars Palace, Las Vegas, NV",157203145,5548952,
Kelly Clarkson Studio Sessions The Las Las Vegas,2026-07-31T19:00:00.000Z,Nevada,157203503,5548967,
Kelly Clarkson Studio Sessions The Las Las Vegas,2026-08-01T19:00:00.000Z,Nevada,159114648,5548969,
Kelly Clarkson Studio Sessions The Las Las Vegas,2026-08-08T20:00:00.000Z,"The Colosseum at Caesars Palace, Las Vegas, NV",159783591,6246033,
Kelly Clarkson Studio Sessions The Las Las Vegas,2026-08-14T20:00:00.000Z,"The Colosseum at Caesars Palace, Las Vegas, NV",159783586,6246041,
Kelly Clarkson Studio Sessions The Las Las Vegas,2026-08-15T20:00:00.000Z,"The Colosseum at Caesars Palace, Las Vegas, NV",159783589,6246039,
Kenny Chesney Las Vegas,2026-07-01T20:00:00.000Z,"Sphere, Las Vegas, NV",160314175,6550043,
Kenny Chesney Las Vegas,2026-07-08T20:00:00.000Z,"Sphere, Las Vegas, NV",160315889,6550255,
Kenny Chesney Las Vegas,2026-07-10T20:00:00.000Z,"Sphere, Las Vegas, NV",160314178,6550263,
Kenny Chesney Las Vegas,2026-07-11T19:00:00.000Z,"Sphere, Las Vegas, NV",160314179,6550271,
Kid Cudi Presents The Rebel Ragers Auburn,2026-06-16T18:30:00.000Z,"White River Amphitheatre, Auburn, WA",160355343,6579371,
Kid Cudi Presents The Rebel Ragers Bangor,2026-06-06T18:30:00.000Z,"Maine Savings Amphitheater, Bangor, ME",160355320,6579353,
Kid Cudi Presents The Rebel Ragers Bristow,2026-05-29T18:30:00.000Z,"Jiffy Lube Live, Bristow, VA",160354750,6579339,
Kid Cudi Presents The Rebel Ragers Camden New,2026-06-02T18:30:00.000Z,"Freedom Mortgage Pavilion , Camden, NJ",160354749,6579345,
Kid Cudi Presents The Rebel Ragers Chula Vista,2026-06-27T18:30:00.000Z,"North Island Credit Union Amphitheatre, Chula Vista, CA",160355370,6579385,
Kid Cudi Presents The Rebel Ragers Clarkston,2026-05-23T18:30:00.000Z,"Pine Knob Music Theatre, Clarkston, MI",160354737,6579333,
Kid Cudi Presents The Rebel Ragers Grand Rapids,2026-05-27T18:30:00.000Z,"Acrisure Amphitheater, Grand Rapids, MI",160354872,6579336,
Kid Cudi Presents The Rebel Ragers Hartford,2026-06-03T18:30:00.000Z,"The Meadows Music Theatre, Hartford, CT",160354825,6579347,
Kid Cudi Presents The Rebel Ragers Los Angeles,2026-06-26T18:30:00.000Z,"Crypto.com Arena, Los Angeles, CA",160354751,6579379,
Kid Cudi Presents The Rebel Ragers Mansfield,2026-06-05T18:30:00.000Z,"Xfinity Center, Mansfield, MA",160355316,6579349,
Kid Cudi Presents The Rebel Ragers Mountain View,2026-06-23T18:30:00.000Z,"Shoreline Amphitheatre, Mountain View, CA",160355357,6579377,
Kid Cudi Presents The Rebel Ragers New York New,2026-05-30T18:30:00.000Z,"Madison Square Garden, New York, NY",160354746,6579343,
Kid Cudi Presents The Rebel Ragers Noblesville,2026-06-10T18:30:00.000Z,"Ruoff Music Center, Noblesville, IN",160354743,6579363,
Kid Cudi Presents The Rebel Ragers Ridgefield,2026-06-20T18:30:00.000Z,"Cascades Amphitheater, Ridgefield, WA",160355355,6579375,
Kid Cudi Presents The Rebel Ragers Syracuse New,2026-06-08T18:30:00.000Z,"Empower Federal Credit Union Amphitheater at Lakeview, Syracuse, NY",160355324,6579357,
Kid Cudi Presents The Rebel Ragers Tinley Park,2026-05-22T18:30:00.000Z,"Credit Union 1 Amphitheatre, Tinley Park, IL",160354744,6579327,
Kid Cudi Presents The Rebel Ragers West Valley City,2026-06-13T18:30:00.000Z,"Utah First Credit Union Amphitheatre, West Valley City, UT",160355333,6579369,
Kid Rock Freedom 250 Tour Burgettstown,2026-06-20T19:00:00.000Z,"The Pavilion at Star Lake, Burgettstown, PA",160442376,6628729,
Kid Rock Freedom 250 Tour Mansfield,2026-06-06T19:00:00.000Z,"Xfinity Center, Mansfield, MA",160442626,6628721,
Krock Presents Five Finger Death Punch Syracuse New,2026-07-26T19:00:00.000Z,"Empower Federal Credit Union Amphitheater at Lakeview, Syracuse, NY",160264541,6517114,
Las Vegas Raiders vs. Buffalo Bills,2026-10-18T13:25:00.000Z,Allegiant Stadium,160425459,6491236,
Las Vegas Raiders vs. Denver Broncos,2026-12-20T13:25:00.000Z,Allegiant Stadium,160425460,6491177,
Las Vegas Raiders vs. Kansas City Chiefs,2026-10-04T13:25:00.000Z,Allegiant Stadium,160425456,6491232,
Las Vegas Raiders vs. Los Angeles Chargers,2026-12-13T13:05:00.000Z,Allegiant Stadium,160425463,6491234,
Las Vegas Raiders vs. Los Angeles Rams,2026-10-25T13:25:00.000Z,Allegiant Stadium,160425461,6491240,
Las Vegas Raiders vs. Miami Dolphins,2026-09-13T13:25:00.000Z,Allegiant Stadium,160425462,6491238,
Las Vegas Raiders vs. Seattle Seahawks,2026-11-15T13:05:00.000Z,Allegiant Stadium,160425457,6491254,
Las Vegas Raiders vs. Tennessee Titans,2026-12-27T13:05:00.000Z,Allegiant Stadium,160425455,6491260,
Laura Pausini Yo Canto World Tour New York New,2026-06-06T20:00:00.000Z,"Infosys Theater at Madison Square Garden, New York, NY",159369852,5999124,
Laura Pausini Yo Canto World Tour Orlando,2026-05-21T20:00:00.000Z,"Kia Center, Orlando, FL",159368628,5999153,
Laura Pausini Yo Canto World Tour Rosemont,2026-05-30T20:00:00.000Z,"Rosemont Theatre, Rosemont, IL",159369783,5999123,
Lily Allen Performs West End Girl,2026-09-03T20:00:00.000Z,Madison Square Garden,160769816,6833636,
Lily Allen Performs West End Girl,2026-09-04T20:00:00.000Z,MGM Music Hall at Fenway,160769617,6833638,
Lily Allen Performs West End Girl,2026-09-06T20:00:00.000Z,Xfinity Mobile Arena,160769619,6833642,
Lily Allen Performs West End Girl,2026-09-12T20:00:00.000Z,Fox Theatre Detroit,160769753,6833626,
Lily Allen Performs West End Girl,2026-09-13T20:00:00.000Z,United Center,160769616,6833628,
Lily Allen Performs West End Girl,2026-09-16T20:00:00.000Z,Armory,160769754,6833646,
Lily Allen Performs West End Girl,2026-09-23T20:00:00.000Z,Chase Center,160769680,6833591,
Lily Allen Performs West End Girl,2026-09-25T20:00:00.000Z,Kia Forum,160769618,6833598,
Lindsey Stirling Duality Untamed Tour Bend,2026-08-01T19:00:00.000Z,"Hayden Homes Amphitheater, Bend, OR",160356412,6580757,
Lindsey Stirling Duality Untamed Tour Bethel New,2026-07-10T20:00:00.000Z,"Bethel Woods Center for the Arts, Bethel, NY",160356370,6580598,
Lindsey Stirling Duality Untamed Tour Boston,2026-07-15T20:00:00.000Z,"Leader Bank Pavilion, Boston, MA",160356218,6580799,
Lindsey Stirling Duality Untamed Tour Brandon,2026-07-23T19:30:00.000Z,"Brandon Amphitheater, Brandon, MS",160356566,6580765,
Lindsey Stirling Duality Untamed Tour Casper,2026-08-07T20:00:00.000Z,"Ford Wyoming Center, Casper, WY",160356415,6580763,
Lindsey Stirling Duality Untamed Tour Charlotte North,2026-07-18T19:00:00.000Z,"Skyla Credit Union Amphitheatre, Charlotte, NC",160356565,6580857,
Lindsey Stirling Duality Untamed Tour Cuyahoga Falls,2026-08-18T20:00:00.000Z,"Blossom Music Center, Cuyahoga Falls, OH",160355831,6580575,
Lindsey Stirling Duality Untamed Tour Grand Rapids,2026-08-21T20:00:00.000Z,"Acrisure Amphitheater, Grand Rapids, MI",160356442,6580791,
Lindsey Stirling Duality Untamed Tour Idaho Falls,2026-08-05T20:00:00.000Z,"Mountain America Center, Idaho Falls, ID",160356413,6580773,
Lindsey Stirling Duality Untamed Tour Indianapolis,2026-08-22T20:00:00.000Z,"Everwise Amphitheater at White River State Park, Indianapolis, IN",160356446,6580577,
Lindsey Stirling Duality Untamed Tour La Vista,2026-08-11T19:00:00.000Z,"The Astro Amphitheater, La Vista, NE",160356570,6580823,
Lindsey Stirling Duality Untamed Tour Macon,2026-07-21T19:00:00.000Z,"Atrium Health Amphitheater , Macon, GA",160356394,6580755,
Lindsey Stirling Duality Untamed Tour Phoenix,2026-07-28T19:30:00.000Z,"Arizona Financial Theatre, Phoenix, AZ",160355833,6580869,
Lindsey Stirling Duality Untamed Tour Raleigh North,2026-07-17T19:00:00.000Z,"Red Hat Amphitheater, Raleigh, NC",160356383,6580786,
Lindsey Stirling Duality Untamed Tour Richmond,2026-07-07T20:00:00.000Z,"Allianz Amphitheater at Riverfront, Richmond, VA",160356562,6580759,
Lindsey Stirling Duality Untamed Tour Rosemont,2026-08-15T19:30:00.000Z,"Rosemont Theatre, Rosemont, IL",160356431,6580775,
Lindsey Stirling Duality Untamed Tour Saratoga Springs New,2026-07-13T19:30:00.000Z,"Saratoga Performing Arts Center, Saratoga Springs, NY",160355834,6580817,
Lindsey Stirling Duality Untamed Tour Sterling Heights,2026-08-19T20:00:00.000Z,"Michigan Lottery Amphitheatre at Freedom Hill, Sterling Heights, MI",160356574,6580782,
Lindsey Stirling Duality Untamed Tour Waite Park,2026-08-13T19:30:00.000Z,"The Ledge Amphitheater, Waite Park, MN",160356426,6580888,
Lindsey Stirling Duality Untamed Tour Wantagh New,2026-07-09T20:00:00.000Z,"Northwell at Jones Beach Theater, Wantagh, NY",160355830,6580555,
Lionel Richie And Earth Wind Fire Atlanta,2026-07-19T19:30:00.000Z,"State Farm Arena, Atlanta, GA",160355870,6580853,
Lionel Richie And Earth Wind Fire Austin,2026-08-14T19:30:00.000Z,"Moody Center ATX, Austin, TX",160355813,6580912,
Lionel Richie And Earth Wind Fire Belmont Park New,2026-07-14T19:30:00.000Z,"UBS Arena, Belmont Park, NY",160355869,6580740,
Lionel Richie And Earth Wind Fire Boston,2026-07-08T19:30:00.000Z,"TD Garden, Boston, MA",160355815,6580746,
Lionel Richie And Earth Wind Fire Chicago,2026-06-26T19:30:00.000Z,"United Center, Chicago, IL",160355810,6580698,
Lionel Richie And Earth Wind Fire Columbus,2026-06-27T19:30:00.000Z,"OhioSchottenstein Center, Columbus, OH",160355871,"Schottenstein Center, Columbus, OH",
Lionel Richie And Earth Wind Fire Dallas,2026-07-29T19:30:00.000Z,"American Airlines Center, Dallas, TX",160355820,6580873,
Lionel Richie And Earth Wind Fire Denver,2026-07-31T19:00:00.000Z,"Ball Arena, Denver, CO",160355824,6580875,
Lionel Richie And Earth Wind Fire Detroit,2026-07-01T19:30:00.000Z,"Little Caesars Arena, Detroit, MI",160355872,6580720,
Lionel Richie And Earth Wind Fire Greensboro North,2026-07-18T19:30:00.000Z,"First Horizon Coliseum, Greensboro, NC",160356387,6580963,
Lionel Richie And Earth Wind Fire Hollywood,2026-07-24T19:30:00.000Z,"Hard Rock Live, HOLLYWOOD, FL",160356397,6580877,
Lionel Richie And Earth Wind Fire Inglewood,2026-08-09T19:30:00.000Z,"Intuit Dome, Inglewood, CA",160355823,6580662,
Lionel Richie And Earth Wind Fire New York New,2026-07-11T19:30:00.000Z,"Madison Square Garden, New York, NY",160355811,6580527,
Lionel Richie And Earth Wind Fire Orlando,2026-07-25T19:30:00.000Z,"Kia Center, Orlando, FL",160355819,6580865,
Lionel Richie And Earth Wind Fire Palm Desert,2026-08-08T19:30:00.000Z,"Acrisure Arena at Greater Palm Springs, Palm Desert, CA",160355821,6580654,
Lionel Richie And Earth Wind Fire Philadelphia,2026-07-16T19:30:00.000Z,"Xfinity Mobile Arena, Philadelphia, PA",160355818,6580841,
Lionel Richie And Earth Wind Fire Phoenix,2026-08-11T19:30:00.000Z,"Mortgage Matchup Center, Phoenix, AZ",160355825,6580881,
Lionel Richie And Earth Wind Fire Pittsburgh,2026-06-30T19:30:00.000Z,"PPG Paints Arena, Pittsburgh, PA",160355809,6580761,
Lionel Richie And Earth Wind Fire Saint Paul,2026-06-24T19:30:00.000Z,"Grand Casino Arena, Saint Paul, MN",160355806,6580652,
Lionel Richie And Earth Wind Fire San Antonio,2026-07-28T19:30:00.000Z,"Frost Bank Center, San Antonio, TX",160355816,6580936,
Lionel Richie And Earth Wind Fire San Francisco,2026-08-06T19:30:00.000Z,"Chase Center, SAN FRANCISCO, CA",160355817,6581051,
Lionel Richie And Earth Wind Fire Seattle,2026-08-03T19:30:00.000Z,"Climate Pledge Arena, Seattle, WA",160355873,6580821,
Lionel Richie And Earth Wind Fire Tampa,2026-07-22T19:30:00.000Z,"Benchmark International Arena, Tampa, FL",160355822,6580861,
Lord Huron Asheville North,2026-06-14T19:00:00.000Z,"Harrah's Cherokee Center - Asheville, Asheville, NC",160315321,6550237,
Lord Huron Bangor,2026-06-23T19:00:00.000Z,"Maine Savings Amphitheater, Bangor, ME",160315330,6550294,
Lord Huron Charleston South,2026-06-16T19:00:00.000Z,"Credit One Stadium , Charleston, SC",160315322,6550239,
Lord Huron Wilmington North,2026-06-18T19:00:00.000Z,"Live Oak Bank Pavilion, Wilmington, NC",160294912,6538780,
Los Angeles Chargers V Arizona Cardinals,2026-09-13T13:25:00.000Z,SoFi Stadium,160425244,6491367,
Los Angeles Chargers v Denver Broncos,2026-10-11T13:05:00.000Z,SoFi Stadium,160425247,6491346,
Los Angeles Chargers v Houston Texans,2026-11-08T13:05:00.000Z,SoFi Stadium,160425251,6491380,
Los Angeles Chargers V Las Vegas Raiders,2026-09-20T13:05:00.000Z,SoFi Stadium,160425245,6491354,
Los Angeles Chargers V New England Patriots,2026-11-29T17:20:00.000Z,SoFi Stadium,160425248,6491361,
Los Angeles Chargers V New York Jets,2026-11-22T13:05:00.000Z,SoFi Stadium,160425250,6491358,
Los Angeles Chargers V San Francisco 49ers,2026-12-17T17:15:00.000Z,SoFi Stadium,160425246,6491372,
Los Angeles Football Club Vs Austin Los Angeles,2026-10-14T19:30:00.000Z,"BMO Stadium, Los Angeles, CA",159919351,6324746,
Los Angeles Football Club Vs La Los Angeles,2026-10-25T18:00:00.000Z,"BMO Stadium, Los Angeles, CA",159918478,6324748,
Los Angeles Football Club Vs New Los Angeles,2026-09-09T19:30:00.000Z,"BMO Stadium, Los Angeles, CA",159918476,6324742,
Los Angeles Football Club Vs Portland Los Angeles,2026-08-22T19:30:00.000Z,"BMO Stadium, Los Angeles, CA",159918477,6324740,
Los Angeles Football Club Vs Real Los Angeles,2026-07-22T19:30:00.000Z,"BMO Stadium, Los Angeles, CA",159918483,6324734,
Los Angeles Football Club Vs San Los Angeles,2026-08-15T19:30:00.000Z,"BMO Stadium, Los Angeles, CA",159918475,6324738,
Los Angeles Football Club Vs Seattle Los Angeles,2026-05-24T18:00:00.000Z,"BMO Stadium, Los Angeles, CA",159919317,6324732,
Los Angeles Football Club Vs Sporting Los Angeles,2026-07-25T19:30:00.000Z,"BMO Stadium, Los Angeles, CA",159918484,6324736,
Los Angeles Football Club Vs Vancouver Los Angeles,2026-10-10T19:30:00.000Z,"BMO Stadium, Los Angeles, CA",159918480,6324744,
Los Angeles Rams vs. Arizona Cardinals,2026-10-18T13:05:00.000Z,SoFi Stadium,160436261,6491567,
Los Angeles Rams vs. Buffalo Bills,2026-10-12T17:15:00.000Z,SoFi Stadium,160436242,6491666,
Los Angeles Rams vs. Dallas Cowboys,2026-12-20T13:25:00.000Z,SoFi Stadium,160436257,6491606,
Los Angeles Rams vs. Green Bay Packers,2026-11-25T17:00:00.000Z,SoFi Stadium,160436262,6491630,
Los Angeles Rams vs. Kansas City Chiefs,2026-12-03T17:15:00.000Z,SoFi Stadium,160436255,6491638,
Los Angeles Rams vs. Los Angeles Chargers,2026-11-01T13:05:00.000Z,SoFi Stadium,160436258,6491648,
Los Angeles Rams vs. New York Giants,2026-09-21T17:15:00.000Z,SoFi Stadium,160436260,6491618,
Los Tigres Del Norte Estero,2026-05-22T19:00:00.000Z,"Hertz Arena, Estero, FL",159310565,5981098,
Los Tigres Del Norte La Loteria Greensboro North,2026-05-30T20:00:00.000Z,"First Horizon Coliseum, Greensboro, NC",159310529,5980964,
Los Tigres Del Norte La Loteria Tampa,2026-05-23T20:00:00.000Z,"Benchmark International Arena, Tampa, FL",159309991,5980963,
Los Tucanes De Tijuana Raleigh North,2026-08-14T20:00:00.000Z,"Martin Marietta Center for the Performing Arts, Raleigh, NC",160313722,6569996,
Luke Bryan Word On The Street Albuquerque New,2026-06-13T19:30:00.000Z,"First Financial Credit Union Amphitheater, Albuquerque, NM",160343225,6569801,
Luke Bryan Word On The Street Allentown,2026-06-25T19:00:00.000Z,"PPL Center, Allentown, PA",160343281,6569811,
Luke Bryan Word On The Street Auburn,2026-08-08T19:00:00.000Z,"White River Amphitheatre, Auburn, WA",160343502,6569871,
Luke Bryan Word On The Street Brandon,2026-07-24T19:00:00.000Z,"Brandon Amphitheater, Brandon, MS",160343421,6569958,
Luke Bryan Word On The Street Charlotte North,2026-08-22T19:00:00.000Z,"Truliant Amphitheater, Charlotte, NC",160342852,6569892,
Luke Bryan Word On The Street Fort Worth,2026-06-11T19:00:00.000Z,"Dickies Arena, Fort Worth, TX",160342652,6569799,
Luke Bryan Word On The Street Gilford New,2026-05-29T19:00:00.000Z,"BankNH Pavilion, Gilford, NH",160342530,6569791,
Luke Bryan Word On The Street Kansas City,2026-07-09T19:00:00.000Z,"Morton Amphitheater, Kansas City, MO",160343316,6569817,
Luke Bryan Word On The Street Long Beach,2026-08-15T19:00:00.000Z,"Long Beach Amphitheater, Long Beach, CA",160343523,6569882,
Luke Bryan Word On The Street Moline,2026-07-10T19:00:00.000Z,"Vibrant Arena at the Mark, Moline, IL",160343405,6569821,
Luke Bryan Word On The Street Orange Beach,2026-07-25T19:00:00.000Z,"The Wharf Amphitheater, Orange Beach, AL",160343430,6569837,
Luke Bryan Word On The Street Southaven,2026-07-23T19:00:00.000Z,"BankPlus Amphitheater at Snowden Grove, Southaven, MS",160343411,6569831,
Luke Bryan Word On The Street Tampa,2026-09-10T19:00:00.000Z,"MIDFLORIDA Credit Union Amphitheatre at the FL State Fairgrounds, Tampa, FL",160342654,6569937,
Luke Bryan Word On The Street West Palm Beach,2026-09-12T19:00:00.000Z,"iTHINK Financial Amphitheatre , West Palm Beach, FL",160343378,6569939,
Madison Beer The Locket Tour Austin,2026-06-08T19:30:00.000Z,"Moody Center ATX, Austin, TX",160262373,6517429,
Madison Beer The Locket Tour Boston,2026-07-12T19:00:00.000Z,"MGM Music Hall at Fenway, Boston, MA",160262371,6517491,
Madison Beer The Locket Tour Hollywood,2026-07-02T19:00:00.000Z,"Hard Rock Live, HOLLYWOOD, FL",160262898,6517470,
Madison Beer The Locket Tour Inglewood,2026-06-24T19:00:00.000Z,"Kia Forum, Inglewood, CA",160262321,6517462,
Madison Beer The Locket Tour Irving,2026-06-09T19:00:00.000Z,"The Pavilion at Toyota Music Factory, Irving, TX",160262878,6517431,
Madison Beer The Locket Tour Las Vegas,2026-06-13T19:00:00.000Z,"Fontainebleau Las Vegas, Las Vegas, NV",160262881,6517440,
Madison Beer The Locket Tour New York New,2026-07-13T19:30:00.000Z,"Madison Square Garden, New York, NY",160262322,6517495,
Madison Beer The Locket Tour Philadelphia,2026-07-07T19:00:00.000Z,"The Met Presented by Highmark, Philadelphia, PA",160262323,6517480,
Madison Beer The Locket Tour Phoenix,2026-06-20T19:00:00.000Z,"Arizona Financial Theatre, Phoenix, AZ",160262369,6517452,
Mana Vivir Sin Aire Tour Anaheim,2026-06-05T19:00:00.000Z,"Honda Center, Anaheim, CA",159978974,6361445,
Mana Vivir Sin Aire Tour Anaheim,2026-06-06T19:00:00.000Z,"Honda Center, Anaheim, CA",159978976,6361453,
Mana Vivir Sin Aire Tour Austin,2026-11-08T19:00:00.000Z,"Moody Center ATX, Austin, TX",159978898,6361403,
Mana Vivir Sin Aire Tour Chula Vista,2026-10-10T19:00:00.000Z,"North Island Credit Union Amphitheatre, Chula Vista, CA",159979837,6361489,
Mana Vivir Sin Aire Tour Detroit,2026-11-01T19:00:00.000Z,"Little Caesars Arena, Detroit, MI",157522744,5623767,
Mana Vivir Sin Aire Tour Inglewood,2026-09-18T19:00:00.000Z,"Intuit Dome, Inglewood, CA",159978979,6361465,
Mana Vivir Sin Aire Tour Inglewood,2026-09-19T19:00:00.000Z,"Intuit Dome, Inglewood, CA",159978903,6361471,
Mana Vivir Sin Aire Tour Palm Desert,2026-09-26T19:00:00.000Z,"Acrisure Arena at Greater Palm Springs, Palm Desert, CA",159978899,6361479,
Mana Vivir Sin Aire Tour Phoenix,2026-09-12T19:00:00.000Z,"Mortgage Matchup Center, Phoenix, AZ",159978900,6361461,
Mana Vivir Sin Aire Tour Portland,2026-10-16T19:00:00.000Z,"Moda Center, Portland, OR",159978901,6361507,
Mana Vivir Sin Aire Tour Rosemont,2026-10-30T19:00:00.000Z,"Allstate Arena, Rosemont, IL",159978981,6361521,
Mana Vivir Sin Aire Tour Seattle,2026-10-17T19:00:00.000Z,"Climate Pledge Arena, Seattle, WA",159978902,6361511,
MARTIN GARRIX AMERICAS TOUR,2026-06-11T20:00:00.000Z,"Barclays Center, Brooklyn, NY",160048906,6404840,
MARTIN GARRIX AMERICAS TOUR,2026-06-12T20:00:00.000Z,"Barclays Center, Brooklyn, NY",160005946,6379383,
MARTIN GARRIX AMERICAS TOUR,2026-06-13T20:00:00.000Z,"Barclays Center, Brooklyn, NY",160045424,6400897,
MARTIN GARRIX AMERICAS TOUR,2026-06-25T18:30:00.000Z,"Huntington Bank Pavilion at Northerly Island, Chicago, IL",160006030,6379361,
MARTIN GARRIX AMERICAS TOUR,2026-06-26T18:30:00.000Z,"Huntington Bank Pavilion at Northerly Island, Chicago, IL",160045530,6401328,
MARTIN GARRIX AMERICAS TOUR,2026-06-27T18:30:00.000Z,"Huntington Bank Pavilion at Northerly Island, Chicago, IL",160065660,6412127,
Master Pro Events Live Presents Los Charlotte North,2026-08-16T20:00:00.000Z,"Ovens Auditorium, Charlotte, NC",160322528,6553005,
Matt Rife Stay Golden World Tour Atlantic City New,2026-07-25T22:30:00.000Z,"Ovation Hall at Ocean Casino Resort , Atlantic City, NJ",160253497,6514617,
Matt Rife Stay Golden World Tour Bangor,2026-08-08T20:00:00.000Z,"Maine Savings Amphitheater, Bangor, ME",156252933,5369519,
Matt Rife Stay Golden World Tour Belmont Park New,2026-11-20T19:00:00.000Z,"UBS Arena, Belmont Park, NY",159833547,6278168,
Matt Rife Stay Golden World Tour Buffalo New,2026-11-21T19:00:00.000Z,"KeyBank Center, Buffalo, NY",159833546,6278172,
Matt Rife Stay Golden World Tour Charlotte North,2026-06-28T19:00:00.000Z,"Spectrum Center, Charlotte, NC",159833533,6278076,
Matt Rife Stay Golden World Tour Chicago,2026-10-25T19:00:00.000Z,"United Center, Chicago, IL",161119339,6278146,
Matt Rife Stay Golden World Tour Fairbanks,2026-08-23T19:00:00.000Z,"Carlson Center, Fairbanks, AK",159834778,6278105,
Matt Rife Stay Golden World Tour Fort Worth,2026-12-12T19:00:00.000Z,"Dickies Arena, Fort Worth, TX",159833618,6278185,
Matt Rife Stay Golden World Tour Indianapolis,2026-11-08T19:00:00.000Z,"Gainbridge Fieldhouse, Indianapolis, IN",159833620,6278158,
Matt Rife Stay Golden World Tour Milwaukee,2026-11-07T19:00:00.000Z,"Fiserv Forum, Milwaukee, WI",159833540,6278150,
Matt Rife Stay Golden World Tour Nashville,2026-10-24T19:00:00.000Z,"Bridgestone Arena, Nashville, TN",159833542,6278144,
Matt Rife Stay Golden World Tour Phoenix,2026-12-26T19:00:00.000Z,"Mortgage Matchup Center, Phoenix, AZ",159833541,6278166,
Matt Rife Stay Golden World Tour Portland,2026-10-10T19:00:00.000Z,"Moda Center, Portland, OR",159833616,6278127,
Matt Rife Stay Golden World Tour Sacramento,2026-10-11T19:00:00.000Z,"Golden 1 Center, Sacramento, CA",159833619,6278134,
Megan Moroney Milwaukee,2026-06-18T19:00:00.000Z,"American Family Insurance Amphitheater - Summerfest Grounds, Milwaukee, WI",160006544,6379452,
Megan Moroney The Cloud 9 Tour Atlanta,2026-06-08T19:00:00.000Z,"State Farm Arena, Atlanta, GA",160006577,6379438,
Megan Moroney The Cloud 9 Tour Atlanta,2026-06-09T19:00:00.000Z,"State Farm Arena, Atlanta, GA",160067020,6413129,
Megan Moroney The Cloud 9 Tour Baltimore,2026-06-05T19:00:00.000Z,"CFG Bank Arena, Baltimore, MD",160006552,6379430,
Megan Moroney The Cloud 9 Tour Boston,2026-07-06T19:00:00.000Z,"TD Garden, Boston, MA",160067051,6413133,
Megan Moroney The Cloud 9 Tour Boston,2026-07-07T19:00:00.000Z,"TD Garden, Boston, MA",160006573,6379460,
Megan Moroney The Cloud 9 Tour Brooklyn New,2026-07-09T19:00:00.000Z,"Barclays Center, Brooklyn, NY",160006578,6379462,
Megan Moroney The Cloud 9 Tour Charlotte North,2026-07-14T19:00:00.000Z,"Spectrum Center, Charlotte, NC",160006562,6379468,
Megan Moroney The Cloud 9 Tour Chicago,2026-06-02T19:00:00.000Z,"United Center, Chicago, IL",160006557,6379428,
Megan Moroney The Cloud 9 Tour Chicago,2026-06-03T19:00:00.000Z,"United Center, Chicago, IL",160067018,6413125,
Megan Moroney The Cloud 9 Tour Columbus,2026-05-29T19:00:00.000Z,"Schottenstein Center, Columbus, OH",160006555,6379412,
Megan Moroney The Cloud 9 Tour Dallas,2026-08-14T19:00:00.000Z,"American Airlines Center, Dallas, TX",160006622,6379498,
Megan Moroney The Cloud 9 Tour Denver,2026-07-28T19:00:00.000Z,"Ball Arena, Denver, CO",160006572,6379478,
Megan Moroney The Cloud 9 Tour Detroit,2026-08-18T19:00:00.000Z,"Little Caesars Arena, Detroit, MI",160006565,6379504,
Megan Moroney The Cloud 9 Tour Greensboro North,2026-06-06T19:00:00.000Z,"First Horizon Coliseum, Greensboro, NC",160006571,6379432,
Megan Moroney The Cloud 9 Tour Indianapolis,2026-05-30T19:00:00.000Z,"Gainbridge Fieldhouse, Indianapolis, IN",160006553,6379414,
Megan Moroney The Cloud 9 Tour Nashville,2026-08-21T19:00:00.000Z,"Bridgestone Arena, Nashville, TN",160006564,6379508,
Megan Moroney The Cloud 9 Tour Nashville,2026-08-22T19:00:00.000Z,"Bridgestone Arena, Nashville, TN",160067019,6413137,
Megan Moroney The Cloud 9 Tour Newark New,2026-07-10T19:00:00.000Z,"Prudential Center, Newark, NJ",160006554,6379464,
Megan Moroney The Cloud 9 Tour Orlando,2026-07-16T19:00:00.000Z,"Kia Center, Orlando, FL",160006561,6379470,
Megan Moroney The Cloud 9 Tour Philadelphia,2026-07-11T19:00:00.000Z,"Xfinity Mobile Arena, Philadelphia, PA",160006558,6379466,
Megan Moroney The Cloud 9 Tour Pittsburgh,2026-06-16T19:00:00.000Z,"PPG Paints Arena, Pittsburgh, PA",160006559,6379446,
Megan Moroney The Cloud 9 Tour Sacramento,2026-08-05T19:00:00.000Z,"Golden 1 Center, Sacramento, CA",160006576,6379494,
Megan Moroney The Cloud 9 Tour Saint Louis,2026-06-13T19:00:00.000Z,"Enterprise Center, SAINT LOUIS, MO",160006556,6379442,
Megan Moroney The Cloud 9 Tour Tampa,2026-07-17T19:00:00.000Z,"Benchmark International Arena, Tampa, FL",160006563,6379474,
Megan Moroney The Cloud 9 Tour Tulsa,2026-08-15T19:00:00.000Z,"BOK Center, Tulsa, OK",160006560,6379502,
Melanie Martinez - HADES: THE SACRIFICE,2026-07-15T20:00:00.000Z,Grand Casino Arena,160912868,6911780,
Melanie Martinez - HADES: THE SACRIFICE,2026-07-17T20:00:00.000Z,Allstate Arena,160912870,6911782,
Melanie Martinez - HADES: THE SACRIFICE,2026-07-18T20:00:00.000Z,Little Caesars Arena,160912861,6911784,
Melanie Martinez - HADES: THE SACRIFICE,2026-07-21T20:00:00.000Z,TD Garden,160912863,6911790,
Melanie Martinez - HADES: THE SACRIFICE,2026-07-23T20:00:00.000Z,Barclays Center,160912869,6911794,
Melanie Martinez - HADES: THE SACRIFICE,2026-07-25T20:00:00.000Z,CFG Bank Arena,160912991,6911788,
Melanie Martinez - HADES: THE SACRIFICE,2026-07-27T20:00:00.000Z,Spectrum Center,160912866,6911796,
Melanie Martinez - HADES: THE SACRIFICE,2026-07-28T20:00:00.000Z,Gas South Arena,160913873,6911792,
Melanie Martinez - HADES: THE SACRIFICE,2026-07-30T20:00:00.000Z,Kia Center,160912905,6911800,
Melanie Martinez - HADES: THE SACRIFICE,2026-08-02T20:00:00.000Z,American Airlines Center,160912862,6911817,
Melanie Martinez - HADES: THE SACRIFICE,2026-08-03T20:00:00.000Z,Moody Center ATX,160912864,6911821,
Melanie Martinez - HADES: THE SACRIFICE,2026-08-12T20:00:00.000Z,Mortgage Matchup Center,160912867,6911802,
Melanie Martinez - HADES: THE SACRIFICE,2026-08-14T20:00:00.000Z,Kia Forum,160912992,6911825,
Men's Doubles Final/Women's Singles Final,2026-09-12T12:00:00.000Z,Arthur Ashe Stadium,,5990419,
Men's Quarterfinal/Doubles,2026-09-09T19:30:00.000Z,Arthur Ashe Stadium,159351505,5990415,
Men's Quarterfinal/Women's Quarterfinal,2026-09-08T11:30:00.000Z,Arthur Ashe Stadium,159350831,5994506,
Men's Quarterfinal/Women's Quarterfinal,2026-09-08T19:00:00.000Z,Arthur Ashe Stadium,159351049,5994505,
Men's Quarterfinal/Women's Quarterfinal,2026-09-09T11:30:00.000Z,Arthur Ashe Stadium,159351470,5990414,
Men's Round of 16/Women's Round of 16,2026-09-06T11:00:00.000Z,Louis Armstrong Stadium,159405890,5994474,
Men's Round of 16/Women's Round of 16,2026-09-06T11:30:00.000Z,Arthur Ashe Stadium,159350830,5990408,
Men's Round of 16/Women's Round of 16,2026-09-06T19:00:00.000Z,Arthur Ashe Stadium,159351050,5990409,
Men's Round of 16/Women's Round of 16,2026-09-07T11:00:00.000Z,Louis Armstrong Stadium,159405889,5990442,
Men's Round of 16/Women's Round of 16,2026-09-07T11:30:00.000Z,Arthur Ashe Stadium,159350832,5990410,
Men's Round of 16/Women's Round of 16,2026-09-07T19:00:00.000Z,Arthur Ashe Stadium,159351054,5990412,
Men's Second Round/Women's Second Round,2026-09-02T11:00:00.000Z,Grandstand,159405521,5990446,
Men's Second Round/Women's Second Round,2026-09-02T11:00:00.000Z,Louis Armstrong Stadium,159405628,5990355,
Men's Second Round/Women's Second Round,2026-09-02T11:30:00.000Z,Arthur Ashe Stadium,159350829,5990399,
Men's Second Round/Women's Second Round,2026-09-02T19:00:00.000Z,Arthur Ashe Stadium,159351046,5990433,
Men's Second Round/Women's Second Round,2026-09-02T19:00:00.000Z,Louis Armstrong Stadium,159405696,5990400,
Men's Second Round/Women's Second Round,2026-09-03T11:00:00.000Z,Grandstand,159405524,5990447,
Men's Second Round/Women's Second Round,2026-09-03T11:00:00.000Z,Louis Armstrong Stadium,159405626,5990356,
Men's Second Round/Women's Second Round,2026-09-03T11:30:00.000Z,Arthur Ashe Stadium,159350835,5990401,
Men's Second Round/Women's Second Round,2026-09-03T19:00:00.000Z,Arthur Ashe Stadium,159351053,5990436,
Men's Second Round/Women's Second Round,2026-09-03T19:00:00.000Z,Louis Armstrong Stadium,159405692,5990402,
Men's Singles Final,2026-09-13T14:00:00.000Z,Arthur Ashe Stadium,159351008,5990421,
Men's Singles Semifinal,2026-09-11T19:00:00.000Z,Arthur Ashe Stadium,159351471,5990418,
Men's Third Round/Women's Third Round,2026-09-04T11:00:00.000Z,Grandstand,159405520,5990448,
Men's Third Round/Women's Third Round,2026-09-04T11:00:00.000Z,Louis Armstrong Stadium,159405625,5990437,
Men's Third Round/Women's Third Round,2026-09-04T11:30:00.000Z,Arthur Ashe Stadium,159350837,5990403,
Men's Third Round/Women's Third Round,2026-09-04T19:00:00.000Z,Arthur Ashe Stadium,159351047,5990438,
Men's Third Round/Women's Third Round,2026-09-04T19:00:00.000Z,Louis Armstrong Stadium,159405691,5990405,
Men's Third Round/Women's Third Round,2026-09-05T11:00:00.000Z,Grandstand,159405519,5990450,
Men's Third Round/Women's Third Round,2026-09-05T11:00:00.000Z,Louis Armstrong Stadium,159405629,5990440,
Men's Third Round/Women's Third Round,2026-09-05T11:30:00.000Z,Arthur Ashe Stadium,159350834,5990406,
Men's Third Round/Women's Third Round,2026-09-05T19:00:00.000Z,Arthur Ashe Stadium,159351048,5990441,
Men's Third Round/Women's Third Round,2026-09-05T19:00:00.000Z,Louis Armstrong Stadium,159405693,5990407,
Men's/Women's First Round,2026-08-30T11:00:00.000Z,Grandstand,159405518,5990445,
Men's/Women's First Round,2026-08-30T11:00:00.000Z,Louis Armstrong Stadium,159405630,5990423,
Men's/Women's First Round,2026-08-30T12:00:00.000Z,Arthur Ashe Stadium,159350828,5990392,
Men's/Women's First Round,2026-08-30T19:00:00.000Z,Arthur Ashe Stadium,159351052,5990424,
Men's/Women's First Round,2026-08-30T19:00:00.000Z,Louis Armstrong Stadium,159405690,5990393,
Men's/Women's First Round,2026-08-31T11:00:00.000Z,Grandstand,159405523,5990425,
Men's/Women's First Round,2026-08-31T11:00:00.000Z,Louis Armstrong Stadium,159405624,5990353,
Men's/Women's First Round,2026-08-31T11:30:00.000Z,Arthur Ashe Stadium,159350836,5990394,
Men's/Women's First Round,2026-08-31T19:00:00.000Z,Arthur Ashe Stadium,159351051,5990426,
Men's/Women's First Round,2026-08-31T19:00:00.000Z,Louis Armstrong Stadium,159405694,5990396,
Men's/Women's First Round,2026-09-01T11:00:00.000Z,Grandstand,159405522,5990354,
Men's/Women's First Round,2026-09-01T11:00:00.000Z,Louis Armstrong Stadium,159405627,5990428,
Men's/Women's First Round,2026-09-01T11:30:00.000Z,Arthur Ashe Stadium,159350833,5990397,
Men's/Women's First Round,2026-09-01T19:00:00.000Z,Arthur Ashe Stadium,159351055,5990431,
Men's/Women's First Round,2026-09-01T19:00:00.000Z,Louis Armstrong Stadium,159405695,5990398,
Mexico v Australia,2026-05-30T18:00:00.000Z,Rose Bowl,160515510,6673165,
Mgk Lost Americana Tour Albuquerque New,2026-05-20T19:00:00.000Z,"First Financial Credit Union Amphitheater, Albuquerque, NM",159432698,6046056,
Mgk Lost Americana Tour Atlanta,2026-05-29T19:00:00.000Z,"Lakewood Amphitheatre, Atlanta, GA",159432701,6046063,
Mgk Lost Americana Tour Auburn,2026-06-30T19:00:00.000Z,"White River Amphitheatre, Auburn, WA",159432784,6046127,
Mgk Lost Americana Tour Austin,2026-05-22T19:00:00.000Z,"Germania Insurance Amphitheater, Austin, TX",159432870,6046057,
Mgk Lost Americana Tour Bangor,2026-06-05T19:00:00.000Z,"Maine Savings Amphitheater, Bangor, ME",159432691,6046082,
Mgk Lost Americana Tour Bristow,2026-06-03T19:00:00.000Z,"Jiffy Lube Live, Bristow, VA",159434996,6046075,
Mgk Lost Americana Tour Burgettstown,2026-06-10T19:00:00.000Z,"The Pavilion at Star Lake, Burgettstown, PA",159434997,6050167,
Mgk Lost Americana Tour Charleston South,2026-05-30T18:30:00.000Z,"Credit One Stadium , Charleston, SC",159433500,6046064,
Mgk Lost Americana Tour Charlotte North,2026-05-31T19:00:00.000Z,"Truliant Amphitheater, Charlotte, NC",159435049,6046068,
Mgk Lost Americana Tour Clarkston,2026-06-16T19:00:00.000Z,"Pine Knob Music Theatre, Clarkston, MI",159434999,6046109,
Mgk Lost Americana Tour Dallas,2026-05-24T19:00:00.000Z,"Dos Equis Pavilion, Dallas, TX",159433495,6046060,
Mgk Lost Americana Tour Darien Center New,2026-06-13T19:00:00.000Z,"Darien Lake Amphitheater, Darien Center, NY",159432781,6046100,
Mgk Lost Americana Tour Grand Rapids,2026-06-17T19:00:00.000Z,"Acrisure Amphitheater, Grand Rapids, MI",159432786,6046108,
Mgk Lost Americana Tour Hartford,2026-06-06T19:00:00.000Z,"The Meadows Music Theatre, Hartford, CT",159432773,6046084,
Mgk Lost Americana Tour Kansas City,2026-06-23T19:00:00.000Z,"Morton Amphitheater, Kansas City, MO",160466080,6640964,
Mgk Lost Americana Tour Maryland Heights,2026-06-19T19:00:00.000Z,"Hollywood Casino Amphitheater, Maryland Heights, MO",159434998,6046114,
Mgk Lost Americana Tour Raleigh North,2026-06-02T19:00:00.000Z,"Coastal Credit Union Music Park at Walnut Creek, Raleigh, NC",159435051,6046072,
Mgk Lost Americana Tour Ridgefield,2026-07-01T19:00:00.000Z,"Cascades Amphitheater, Ridgefield, WA",159432799,6046128,
Mgk Lost Americana Tour Scranton,2026-06-12T19:00:00.000Z,"The Pavilion at Montage Mountain, Scranton, PA",159435809,6046098,
Mgk Lost Americana Tour Shakopee,2026-06-22T19:00:00.000Z,"Mystic Lake Amphitheater, Shakopee, MN",160465422,6640972,
Mgk Lost Americana Tour The Woodlands,2026-05-23T19:00:00.000Z,"The Cynthia Woods Mitchell Pavilion sponsored by Huntsman, THE WOODLANDS, TX",159433493,6046058,
Mgk Lost Americana Tour West Palm Beach,2026-05-27T19:00:00.000Z,"iTHINK Financial Amphitheatre , West Palm Beach, FL",159432518,6046061,
Mgk Lost Americana Tour West Valley City,2026-06-26T19:00:00.000Z,"Utah First Credit Union Amphitheatre, West Valley City, UT",159403866,6046122,
Miami Dolphins v Buffalo Bills,2027-01-03T13:00:00.000Z,Hard Rock Stadium,160417244,6492054,
Miami Dolphins v Chicago Bears,2026-12-13T13:00:00.000Z,Hard Rock Stadium,160417241,6492179,
Miami Dolphins v Cincinnati Bengals,2026-10-11T13:00:00.000Z,Hard Rock Stadium,160417240,6492191,
Miami Dolphins v Detroit Lions,2026-11-08T13:00:00.000Z,Hard Rock Stadium,160417247,6492185,
Miami Dolphins v Kansas City Chiefs,2026-09-27T13:00:00.000Z,Hard Rock Stadium,160417239,6492066,
Miami Dolphins v Los Angeles Chargers,2026-12-27T13:00:00.000Z,Hard Rock Stadium,160417243,6492070,
Miami Dolphins v New England Patriots,2026-11-01T16:25:00.000Z,Hard Rock Stadium,160417242,6492060,
Miami Dolphins v New York Jets,2026-11-29T13:00:00.000Z,Hard Rock Stadium,160417245,6492064,
Minnesota Vikings vs. Atlanta Falcons,2026-11-29T12:00:00.000Z,U.S. Bank Stadium,160435673,6492314,
Minnesota Vikings vs. Buffalo Bills,2026-11-09T19:15:00.000Z,U.S. Bank Stadium,160435676,6492316,
Minnesota Vikings vs. Carolina Panthers,2026-12-06T15:25:00.000Z,U.S. Bank Stadium,160435675,6492302,
Minnesota Vikings vs. Detroit Lions,2026-12-20T19:20:00.000Z,U.S. Bank Stadium,160435680,6492310,
Minnesota Vikings vs. Green Bay Packers,2026-09-13T15:25:00.000Z,U.S. Bank Stadium,160435678,6492290,
Minnesota Vikings vs. Indianapolis Colts,2026-10-25T12:00:00.000Z,U.S. Bank Stadium,160435674,6492306,
Minnesota Vikings vs. Miami Dolphins,2026-10-04T15:05:00.000Z,U.S. Bank Stadium,160435682,6492304,
Mmr Presents Breaking Benjamin Camden New,2026-09-02T18:00:00.000Z,"Freedom Mortgage Pavilion , Camden, NJ",160511688,6669927,
Morgan Wallen Still The Problem Tour Denver,2026-05-30T19:00:00.000Z,"Empower Field At Mile High, Denver, CO",159756854,6207806,
Morgan Wallen Still The Problem Tour Pittsburgh,2026-06-05T19:00:00.000Z,"Acrisure Stadium, Pittsburgh, PA",159756856,6207809,
Morgan Wallen: Still the Problem Tour,2026-05-29T17:30:00.000Z,"Empower Field At Mile High, Denver, CO",159756853,6207805,
Morgan Wallen: Still the Problem Tour,2026-06-06T17:30:00.000Z,"Acrisure Stadium, Pittsburgh, PA",159756857,6207811,
Morgan Wallen: Still the Problem Tour,2026-07-31T17:30:00.000Z,"Lincoln Financial Field, Philadelphia, PA",159756858,6207820,
Morgan Wallen: Still the Problem Tour,2026-08-01T17:30:00.000Z,"Lincoln Financial Field, Philadelphia, PA",159756860,6207826,
Motionless In White The Sweat And Albuquerque New,2026-07-28T18:30:00.000Z,"Isleta Amphitheater, Albuquerque, NM",160414206,6613759,
Motionless In White The Sweat And Alpharetta,2026-07-22T18:30:00.000Z,"Ameris Bank Amphitheatre, Alpharetta, GA",160413368,6613743,
Motionless In White The Sweat And Auburn,2026-08-05T18:30:00.000Z,"White River Amphitheatre, Auburn, WA",160414953,6613793,
Motionless In White The Sweat And Austin,2026-07-26T18:30:00.000Z,"Germania Insurance Amphitheater, Austin, TX",160413625,6613753,
Motionless In White The Sweat And Bridgeport,2026-07-14T18:30:00.000Z,"Hartford HealthCare Amphitheater, Bridgeport, CT",160413627,6613956,
Motionless In White The Sweat And Bristow,2026-07-18T18:30:00.000Z,"Jiffy Lube Live, Bristow, VA",160413446,6613737,
Motionless In White The Sweat And Charlotte North,2026-07-21T18:30:00.000Z,"Truliant Amphitheater, Charlotte, NC",160413369,6613741,
Motionless In White The Sweat And Gilford New,2026-07-16T18:30:00.000Z,"BankNH Pavilion, Gilford, NH",160413365,6613732,
Motionless In White The Sweat And Phoenix,2026-07-29T18:30:00.000Z,"Talking Stick Resort Amphitheatre, Phoenix, AZ",160413371,6613766,
Motionless In White The Sweat And Portland,2026-08-04T18:30:00.000Z,"Moda Center, Portland, OR",160413448,6613782,
Motionless In White The Sweat And Rogers,2026-08-12T18:30:00.000Z,"Walmart AMP, Rogers, AR",160414706,6613812,
Motionless In White The Sweat And Sterling Heights,2026-08-15T18:30:00.000Z,"Michigan Lottery Amphitheatre at Freedom Hill, Sterling Heights, MI",160414979,6613816,
Motionless In White The Sweat And The Woodlands,2026-07-25T18:30:00.000Z,"The Cynthia Woods Mitchell Pavilion sponsored by Huntsman, THE WOODLANDS, TX",160413447,6613749,
Motionless In White The Sweat And Wheatland,2026-08-01T18:30:00.000Z,"Toyota Amphitheatre, Wheatland, CA",160414065,6613777,
Motley Crue,2026-08-21T18:30:00.000Z,"Mystic Lake Amphitheater, Shakopee, MN",159894018,6314763,
Mt Joy 2026 Celebrating 10 Years Boston,2026-09-19T19:00:00.000Z,"TD Garden, Boston, MA",159980266,6362509,
Mt Joy 2026 Celebrating 10 Years Camden New,2026-09-25T19:00:00.000Z,"Freedom Mortgage Pavilion , Camden, NJ",159955527,6349452,
Mt Joy 2026 Celebrating 10 Years Charleston South,2026-06-13T19:00:00.000Z,"Credit One Stadium , Charleston, SC",159980915,6362473,
Mt Joy 2026 Celebrating 10 Years Chicago,2026-10-03T20:00:00.000Z,"Huntington Bank Pavilion at Northerly Island, Chicago, IL",159972866,6360659,
Mt Joy 2026 Celebrating 10 Years Columbia,2026-09-18T19:00:00.000Z,"Merriweather Post Pavilion, Columbia, MD",159980286,6362507,
Mt Joy 2026 Celebrating 10 Years Milwaukee,2026-10-02T19:00:00.000Z,"Landmark Credit Union Live, Milwaukee, WI",160405545,6610026,
Mt Joy 2026 Celebrating 10 Years New York New,2026-09-17T19:00:00.000Z,"Madison Square Garden, New York, NY",159945832,6343139,
Mt Joy 2026 Celebrating 10 Years Phoenix,2026-08-22T20:00:00.000Z,"Arizona Financial Theatre, Phoenix, AZ",159980267,6362485,
Mt Joy 2026 Celebrating 10 Years Richmond,2026-09-29T20:00:00.000Z,"Allianz Amphitheater at Riverfront, Richmond, VA",159980932,6362515,
Mt Joy 2026 Celebrating 10 Years Sterling Heights,2026-06-09T19:00:00.000Z,"Michigan Lottery Amphitheatre at Freedom Hill, Sterling Heights, MI",159980913,6362465,
Mumford Sons Prizefighter Tour Atlanta,2026-08-04T19:30:00.000Z,"State Farm Arena, Atlanta, GA",160536643,6690160,
Mumford Sons Prizefighter Tour Bangor,2026-06-16T19:00:00.000Z,"Maine Savings Amphitheater, Bangor, ME",160536961,6690139,
Mumford Sons Prizefighter Tour Burgettstown,2026-06-14T19:30:00.000Z,"The Pavilion at Star Lake, Burgettstown, PA",160536606,6690137,
Mumford Sons Prizefighter Tour Charlotte North,2026-08-09T19:30:00.000Z,"Spectrum Center, Charlotte, NC",160536645,6690175,
Mumford Sons Prizefighter Tour Charlottesville,2026-09-20T19:30:00.000Z,"John Paul Jones Arena, Charlottesville, VA",160536650,6690196,
Mumford Sons Prizefighter Tour Fort Worth,2026-06-08T19:30:00.000Z,"Dickies Arena, Fort Worth, TX",160536611,6690130,
Mumford Sons Prizefighter Tour Hershey,2026-06-20T18:30:00.000Z,"Hersheypark Stadium, Hershey, PA",160536672,6690146,
Mumford Sons Prizefighter Tour Hollywood,2026-08-06T19:30:00.000Z,"Hard Rock Live, HOLLYWOOD, FL",160536964,6690162,
Mumford Sons Prizefighter Tour Inglewood,2026-10-06T19:30:00.000Z,"Kia Forum, Inglewood, CA",160536648,6690234,
Mumford Sons Prizefighter Tour Inglewood,2026-10-07T19:30:00.000Z,"Kia Forum, Inglewood, CA",160562048,6706291,
Mumford Sons Prizefighter Tour New York New,2026-08-12T19:30:00.000Z,"Madison Square Garden, New York, NY",160558712,6704603,
Mumford Sons Prizefighter Tour Tampa,2026-08-07T19:30:00.000Z,"Benchmark International Arena, Tampa, FL",160536607,6690171,
My Chemical Romance The Black Parade 2026,2026-08-09T19:00:00.000Z,"Citi Field, Queens, NY",159456666,6062357,
My Chemical Romance The Black Parade 2026,2026-08-18T19:00:00.000Z,"Nationals Park, Washington, DC",159456653,6062362,
My Chemical Romance The Black Parade 2026,2026-08-21T19:00:00.000Z,"Comerica Park, Detroit, MI",159456664,6062364,
My Chemical Romance The Black Parade 2026,2026-08-24T19:00:00.000Z,"Target Field, Minneapolis, MN",159456668,6062356,
My Chemical Romance The Black Parade 2026,2026-08-27T19:00:00.000Z,"Coors Field, Denver, CO",159456665,6062353,
My Chemical Romance The Black Parade 2026,2026-08-30T19:00:00.000Z,"Petco Park, San Diego, CA",159456667,6062352,
My Chemical Romance The Black Parade 2026,2026-09-06T19:00:00.000Z,"Chase Field, Phoenix, AZ",159456757,6062329,
My Chemical Romance The Black Parade 2026,2026-09-12T19:00:00.000Z,"Alamodome, San Antonio, TX",159456658,6062330,
My Chemical Romance The Black Parade 2026,2026-10-21T20:00:00.000Z,"Hollywood Bowl, Hollywood, CA",159456656,6062331,
My Chemical Romance The Black Parade 2026,2026-10-23T20:00:00.000Z,"Hollywood Bowl, Hollywood, CA",159456657,6062332,
My Chemical Romance The Black Parade 2026,2026-10-24T20:00:00.000Z,"Hollywood Bowl, Hollywood, CA",159456659,6062333,
My Chemical Romance with Special Guest Thrice,2026-10-31T19:00:00.000Z,"Hollywood Bowl, Hollywood, CA",159895949,6314710,
N2s Rene Vaca Newark New,2026-06-18T19:00:00.000Z,"New Jersey Performing Arts Center, Newark, NJ",160531327,6683153,
Nascar Craftsman Truck Series Dqs Solutions Brooklyn,2026-06-06T13:30:00.000Z,"Michigan International Speedway, Brooklyn, MI",159207850,5953904,
Nascar Craftsman Truck Series North Wilkesboro North,2026-07-18T12:30:00.000Z,"North Wilkesboro Speedway, North Wilkesboro, NC",159207855,5953917,
Nascar Cup Series Chicagoland Speedway Joliet,2026-07-05T17:00:00.000Z,"Chicagoland Speedway, Joliet, IL",159209573,5953995,
Nascar Cup Series Coke Zero Sugar Daytona Beach,2026-08-29T19:00:00.000Z,"Daytona International Speedway, Daytona Beach, FL",159210851,5954169,
Nascar Cup Series Cook Out Southern Darlington South,2026-09-06T19:00:00.000Z,"Darlington Raceway, Darlington, SC",159210857,5954172,
Nascar Cup Series Firekeepers Casino 400 Brooklyn,2026-06-07T15:00:00.000Z,"Michigan International Speedway, Brooklyn, MI",159207851,5953989,
Nascar Oreilly Auto Parts Series Chicagoland Joliet,2026-07-04T16:30:00.000Z,"Chicagoland Speedway, Joliet, IL",161208820,5954226,
Nascar Oreilly Auto Parts Series Darlington South,2026-09-05T19:00:00.000Z,"Darlington Raceway, Darlington, SC",159208093,5954468,
Nascar Oreilly Auto Parts Series Wawa Daytona Beach,2026-08-28T19:00:00.000Z,"Daytona International Speedway, Daytona Beach, FL",159630945,5954463,
Nascar San Diego Cup Series Coronado,2026-06-21T13:00:00.000Z,"NASCAR San Diego, Coronado, CA",160009071,5896696,
Nascar San Diego Oreilly Auto Parts Coronado,2026-06-20T14:00:00.000Z,"NASCAR San Diego, Coronado, CA",160026761,5896689,
Nate Bargatze Big Dumb Eyes World Austin,2026-06-20T15:00:00.000Z,"Moody Center ATX, Austin, TX",160096561,6428035,
Nate Bargatze Big Dumb Eyes World Austin,2026-06-20T19:00:00.000Z,"Moody Center ATX, Austin, TX",159320080,5983487,
Nate Bargatze Big Dumb Eyes World Belmont Park New,2026-08-07T19:00:00.000Z,"UBS Arena, Belmont Park, NY",159320146,5983522,
Nate Bargatze Big Dumb Eyes World Birmingham,2026-05-29T19:00:00.000Z,"Legacy Arena at the BJCC, Birmingham, AL",159320069,5983471,
Nate Bargatze Big Dumb Eyes World Bossier City,2026-06-04T19:00:00.000Z,"Brookshire Grocery Arena, Bossier City, LA",159320964,5983476,
Nate Bargatze Big Dumb Eyes World Buffalo New,2026-08-05T19:00:00.000Z,"KeyBank Center, Buffalo, NY",,5983524,
Nate Bargatze Big Dumb Eyes World Cedar Rapids,2026-06-12T19:00:00.000Z,"Alliant Energy PowerHouse, Cedar Rapids, IA",159320997,5983484,
Nate Bargatze Big Dumb Eyes World Corpus Christi,2026-06-05T19:00:00.000Z,"Hilliard Center Arena, Corpus Christi, TX",159983246,5983485,
Nate Bargatze Big Dumb Eyes World Detroit,2026-08-14T19:00:00.000Z,"Little Caesars Arena, Detroit, MI",159320143,5983525,
Nate Bargatze Big Dumb Eyes World Fort Worth,2026-06-06T15:00:00.000Z,"Dickies Arena, Fort Worth, TX",160096799,6428337,
Nate Bargatze Big Dumb Eyes World Fresno,2026-07-19T19:00:00.000Z,"Save Mart Center, Fresno, CA",159320972,5983518,
Nate Bargatze Big Dumb Eyes World Grand Rapids,2026-08-01T19:00:00.000Z,"Van Andel Arena, Grand Rapids, MI",159320166,5983521,
Nate Bargatze Big Dumb Eyes World Greensboro North,2026-05-31T19:00:00.000Z,"First Horizon Coliseum, Greensboro, NC",159310529,5983475,
Nate Bargatze Big Dumb Eyes World Knoxville,2026-05-28T19:00:00.000Z,"Food City Center, Knoxville, TN",159320073,5983405,
Nate Bargatze Big Dumb Eyes World Newark New,2026-08-08T19:00:00.000Z,"Prudential Center, Newark, NJ",159320145,5983523,
Nate Bargatze Big Dumb Eyes World Phoenix,2026-06-26T19:00:00.000Z,"Mortgage Matchup Center, Phoenix, AZ",159679690,6168662,
Nate Bargatze Big Dumb Eyes World Phoenix,2026-06-27T19:00:00.000Z,"Mortgage Matchup Center, Phoenix, AZ",159320147,5983488,
Nate Bargatze Big Dumb Eyes World Pittsburgh,2026-07-30T19:00:00.000Z,"PPG Paints Arena, Pittsburgh, PA",160095642,6429608,
Nate Bargatze Big Dumb Eyes World Pittsburgh,2026-07-31T19:00:00.000Z,"PPG Paints Arena, Pittsburgh, PA",159320075,5983520,
Nate Bargatze Big Dumb Eyes World Rosemont,2026-06-13T19:00:00.000Z,"Allstate Arena, Rosemont, IL",159320070,5983486,
Nate Bargatze Big Dumb Eyes World Savannah,2026-05-30T19:00:00.000Z,"Enmarket Arena, Savannah, GA",159320952,5983474,
Nate Bargatze: Big Dumb Eyes World Tour,2026-07-17T19:00:00.000Z,"SAP Center at San Jose, San Jose, CA",159320071,5983515,
Neil Degrasse Tyson Hope For Civilization Newark New,2026-12-04T19:30:00.000Z,"New Jersey Performing Arts Center, Newark, NJ",160457589,5927764,
New England Patriots v Buffalo Bills,2026-12-06T16:25:00.000Z,Gillette Stadium,160425610,6492590,
New England Patriots v Green Bay Packers,2026-11-08T16:25:00.000Z,Gillette Stadium,160425614,6492606,
New England Patriots v Las Vegas Raiders,2026-10-11T13:00:00.000Z,Gillette Stadium,160425612,6492616,
New England Patriots v Minnesota Vikings,2026-12-10T20:15:00.000Z,Gillette Stadium,160425618,6492635,
New England Patriots v New York Jets,2026-10-18T13:00:00.000Z,Gillette Stadium,160425616,6492644,
New England Patriots v Pittsburgh Steelers,2026-09-20T13:00:00.000Z,Gillette Stadium,160425615,6492648,
New England Revolution Vs Atlanta United Foxborough,2026-07-25T19:30:00.000Z,"Gillette Stadium, Foxborough, MA",159920502,6325274,
New England Revolution Vs Chicago Fire Foxborough,2026-10-17T19:30:00.000Z,"Gillette Stadium, Foxborough, MA",159920531,6325320,
New England Revolution Vs Inter Miami,2026-11-01T19:00:00.000Z,"Gillette Stadium, Foxborough, MA",159920549,6325332,
New England Revolution Vs New York Foxborough,2026-08-23T16:30:00.000Z,"Gillette Stadium, Foxborough, MA",159920509,6325292,
New England Revolution Vs New York Foxborough,2026-10-28T19:30:00.000Z,"Gillette Stadium, Foxborough, MA",159920537,6325328,
New England Revolution Vs Orlando City Foxborough,2026-09-19T19:30:00.000Z,"Gillette Stadium, Foxborough, MA",159920520,6325298,
New England Revolution Vs Seattle Sounders Foxborough,2026-10-10T19:30:00.000Z,"Gillette Stadium, Foxborough, MA",159920525,6325316,
New England Revolution Vs Toronto Fc Foxborough,2026-07-22T19:30:00.000Z,"Gillette Stadium, Foxborough, MA",159920495,6325266,
New Kids On The Block The Las Vegas,2026-06-19T19:00:00.000Z,"Dolby Live, Las Vegas, NV",159858626,6293615,
New Kids On The Block The Las Vegas,2026-06-20T20:00:00.000Z,"Dolby Live, Las Vegas, NV",159858620,6293627,
New Kids On The Block The Las Vegas,2026-06-24T20:00:00.000Z,"Dolby Live, Las Vegas, NV",159858623,6293619,
New Kids On The Block The Las Vegas,2026-06-26T19:00:00.000Z,"Dolby Live, Las Vegas, NV",159858617,6293623,
New Kids On The Block The Las Vegas,2026-06-27T20:00:00.000Z,"Dolby Live, Las Vegas, NV",159858627,6293703,
New Kids On The Block The Las Vegas,2026-07-01T20:00:00.000Z,"Dolby Live, Las Vegas, NV",159858628,6293711,
New Kids On The Block The Las Vegas,2026-07-03T20:00:00.000Z,"Dolby Live, Las Vegas, NV",159858622,6293715,
New Kids On The Block The Las Vegas,2026-07-04T20:00:00.000Z,"Dolby Live, Las Vegas, NV",159858624,6293723,
New Kids On The Block The Las Vegas,2026-10-02T20:00:00.000Z,"Dolby Live, Las Vegas, NV",159858621,6293713,
New Kids On The Block The Las Vegas,2026-10-03T20:00:00.000Z,"Dolby Live, Las Vegas, NV",159858630,6293721,
New Kids On The Block The Las Vegas,2026-10-07T20:00:00.000Z,"Dolby Live, Las Vegas, NV",159858619,6293809,
New Kids On The Block The Las Vegas,2026-10-09T20:00:00.000Z,"Dolby Live, Las Vegas, NV",159858618,6293821,
New Kids On The Block The Las Vegas,2026-10-10T20:00:00.000Z,"Dolby Live, Las Vegas, NV",159858625,6293811,
New Kids On The Block The Las Vegas,2026-10-14T20:00:00.000Z,"Dolby Live, Las Vegas, NV",159858629,6293817,
New Kids On The Block The Las Vegas,2026-10-16T20:00:00.000Z,"Dolby Live, Las Vegas, NV",159858632,6293825,
New Kids On The Block The Las Vegas,2026-10-17T20:00:00.000Z,"Dolby Live, Las Vegas, NV",159858631,6293823,
New Orleans Saints v Arizona Cardinals,2026-12-27T12:00:00.000Z,Caesars Superdome ,160435933,6493121,
New Orleans Saints v Atlanta Falcons,2026-10-05T19:15:00.000Z,Caesars Superdome ,160435924,6493107,
New Orleans Saints v Carolina Panthers,2026-11-15T12:00:00.000Z,Caesars Superdome ,160435928,6493127,
New Orleans Saints v Cleveland Browns,2026-11-08T12:00:00.000Z,Caesars Superdome ,160435927,6493131,
New Orleans Saints v Green Bay Packers,2026-12-06T12:00:00.000Z,Caesars Superdome ,160435925,6493133,
New Orleans Saints v Las Vegas Raiders,2026-09-27T15:25:00.000Z,Caesars Superdome ,160435931,6493135,
New Orleans Saints v Minnesota Vikings,2026-10-11T12:00:00.000Z,Caesars Superdome ,160435929,6493143,
New York City Fc Vs Chicago Bronx New,2026-07-25T19:30:00.000Z,"NYCFC at Yankee Stadium, Bronx, NY",159920807,6324548,
New York City Fc Vs Nashville Bronx New,2026-09-04T19:30:00.000Z,"NYCFC at Yankee Stadium, Bronx, NY",159920822,6324614,
New York City Fc Vs New Bronx New,2026-09-18T19:30:00.000Z,"NYCFC at Yankee Stadium, Bronx, NY",159920833,6324636,
New York City Fc Vs New Queens New,2026-09-09T19:30:00.000Z,"Citi Field, Queens, NY",159920828,6328049,
New York City Fc Vs Philadelphia Bronx New,2026-08-16T18:30:00.000Z,"NYCFC at Yankee Stadium, Bronx, NY",159920816,6324592,
New York City Fc Vs Toronto Bronx New,2026-07-31T19:30:00.000Z,"NYCFC at Yankee Stadium, Bronx, NY",159920811,6324562,
New York Giants vs. Arizona Cardinals,2026-10-04T13:00:00.000Z,MetLife Stadium,160427236,6494178,
New York Giants vs. Cleveland Browns,2026-12-20T13:00:00.000Z,MetLife Stadium,160427233,6494180,
New York Giants vs. Dallas Cowboys,2026-09-13T20:20:00.000Z,MetLife Stadium,160427240,6494139,
New York Giants vs. Jacksonville Jaguars,2026-11-22T13:00:00.000Z,MetLife Stadium,160427239,6494186,
New York Giants vs. New Orleans Saints,2026-10-18T13:00:00.000Z,MetLife Stadium,160427232,6494188,
New York Giants vs. San Francisco 49ers,2026-12-06T13:00:00.000Z,MetLife Stadium,160427238,6494196,
New York Giants vs. Tennessee Titans,2026-09-27T13:00:00.000Z,MetLife Stadium,160427235,6494198,
New York Giants vs. Washington Commanders,2026-11-12T20:15:00.000Z,MetLife Stadium,160427237,6494176,
New York Jets v. Buffalo Bills,2026-11-15T13:00:00.000Z,MetLife Stadium,160417388,6494612,
New York Jets v. Cleveland Browns,2026-10-11T13:00:00.000Z,MetLife Stadium,160417384,6494610,
New York Jets v. Denver Broncos,2026-12-13T13:00:00.000Z,MetLife Stadium,160417383,6494604,
New York Jets v. Green Bay Packers,2026-09-20T13:00:00.000Z,MetLife Stadium,160417387,6494593,
New York Jets v. Las Vegas Raiders,2026-11-01T13:00:00.000Z,MetLife Stadium,160417381,6494608,
New York Jets v. Miami Dolphins,2026-10-25T13:00:00.000Z,MetLife Stadium,160417385,6494615,
New York Jets v. Minnesota Vikings,2027-01-03T13:00:00.000Z,MetLife Stadium,160417382,6494597,
New York Jets v. New England Patriots,2026-12-27T13:00:00.000Z,MetLife Stadium,160417386,6494617,
Neyo Akon Nights Like This Tour Albuquerque New,2026-08-16T20:00:00.000Z,"First Financial Credit Union Amphitheater, Albuquerque, NM",160365684,6583546,
Neyo Akon Nights Like This Tour Atlanta,2026-07-11T19:00:00.000Z,"Lakewood Amphitheatre, Atlanta, GA",160365341,6583367,
Neyo Akon Nights Like This Tour Austin,2026-08-11T20:00:00.000Z,"Moody Center ATX, Austin, TX",160364683,6583395,
Neyo Akon Nights Like This Tour Bristow,2026-07-17T20:00:00.000Z,"Jiffy Lube Live, Bristow, VA",160365028,6583273,
Neyo Akon Nights Like This Tour Burgettstown,2026-08-02T20:00:00.000Z,"The Pavilion at Star Lake, Burgettstown, PA",160365156,6583327,
Neyo Akon Nights Like This Tour Camden New,2026-07-25T20:00:00.000Z,"Freedom Mortgage Pavilion , Camden, NJ",160365328,6583417,
Neyo Akon Nights Like This Tour Charlotte North,2026-07-12T20:00:00.000Z,"Truliant Amphitheater, Charlotte, NC",160365008,6583369,
Neyo Akon Nights Like This Tour Chula Vista,2026-08-18T20:00:00.000Z,"North Island Credit Union Amphitheatre, Chula Vista, CA",160366245,6583329,
Neyo Akon Nights Like This Tour Clarkston,2026-07-29T20:00:00.000Z,"Pine Knob Music Theatre, Clarkston, MI",160365102,6583381,
Neyo Akon Nights Like This Tour Dallas,2026-08-08T20:00:00.000Z,"Dos Equis Pavilion, Dallas, TX",160363817,6583342,
Neyo Akon Nights Like This Tour Darien Center New,2026-07-24T20:00:00.000Z,"Darien Lake Amphitheater, Darien Center, NY",160365219,6583347,
Neyo Akon Nights Like This Tour Hartford,2026-07-26T20:00:00.000Z,"The Meadows Music Theatre, Hartford, CT",160365347,6583377,
Neyo Akon Nights Like This Tour Inglewood,2026-08-21T20:00:00.000Z,"Intuit Dome, Inglewood, CA",160366264,6583402,
Neyo Akon Nights Like This Tour Mansfield,2026-07-21T20:00:00.000Z,"Xfinity Center, Mansfield, MA",160365034,6583375,
Neyo Akon Nights Like This Tour Maryland Heights,2026-08-04T20:00:00.000Z,"Hollywood Casino Amphitheater, Maryland Heights, MO",160365071,6583386,
Neyo Akon Nights Like This Tour Mountain View,2026-08-19T20:00:00.000Z,"Shoreline Amphitheatre, Mountain View, CA",160366253,6583399,
Neyo Akon Nights Like This Tour Phoenix,2026-08-15T20:00:00.000Z,"Talking Stick Resort Amphitheatre, Phoenix, AZ",160365060,6583319,
Neyo Akon Nights Like This Tour Raleigh North,2026-07-10T20:00:00.000Z,"Coastal Credit Union Music Park at Walnut Creek, Raleigh, NC",160365153,6583365,
Neyo Akon Nights Like This Tour Riverside,2026-08-07T20:00:00.000Z,"Morton Amphitheater, Riverside, MO",160365372,6583393,
Neyo Akon Nights Like This Tour Shakopee,2026-08-05T20:00:00.000Z,"Mystic Lake Amphitheater, Shakopee, MN",160365351,6583389,
Neyo Akon Nights Like This Tour Tampa,2026-07-14T20:00:00.000Z,"MIDFLORIDA Credit Union Amphitheatre at the FL State Fairgrounds, Tampa, FL",160364407,6583371,
Neyo Akon Nights Like This Tour The Woodlands,2026-08-09T20:00:00.000Z,"The Cynthia Woods Mitchell Pavilion sponsored by Huntsman, THE WOODLANDS, TX",160365423,6583531,
Neyo Akon Nights Like This Tour Tinley Park,2026-07-28T20:00:00.000Z,"Credit Union 1 Amphitheatre, Tinley Park, IL",160365081,6583379,
Neyo Akon Nights Like This Tour Virginia Beach,2026-07-18T20:00:00.000Z,"Veterans United Home Loans Amphitheater at Virginia Beach, Virginia Beach, VA",160364996,6583275,
Neyo Akon Nights Like This Tour Wantagh New,2026-07-22T20:00:00.000Z,"Northwell at Jones Beach Theater, Wantagh, NY",160365065,6583345,
Neyo Akon Nights Like This Tour West Palm Beach,2026-07-15T20:00:00.000Z,"iTHINK Financial Amphitheatre , West Palm Beach, FL",160365001,6583373,
October London Lalah Hathaway Eric Benet Southaven,2026-05-30T20:00:00.000Z,"Landers Center , Southaven, MS",160404310,6609276,
Palladium Ent Presents Brit Floyd The Houston,2026-07-17T20:00:00.000Z,"Bayou Music Center, Houston, TX",160371026,6580451,
Palladium Entertainment Presents Brit Floyd Cincinnati,2026-07-23T20:00:00.000Z,"PNC PAVILION, Cincinnati, OH",160404286,6608963,
Palladium Entertainment Presents Brit Floyd Huber Heights,2026-07-24T20:00:00.000Z,"The Rose Music Center at The Heights, Huber Heights, OH",160404289,6608966,
Palomazo Norteno Clase Maestra Tour El Paso,2026-06-06T20:00:00.000Z,"El Paso County Coliseum, El Paso, TX",160253469,6514613,
Palomazo Norteno Clase Maestra Tour Elizabeth New,2026-05-23T20:00:00.000Z,"Ritz Theatre, Elizabeth, NJ",160253675,6513807,
Palomazo Norteno Clase Maestra Tour Glendale,2026-06-05T20:30:00.000Z,"Desert Diamond Arena, Glendale, AZ",160252915,6513809,
Palomazo Norteno Clase Maestra Tour Rosemont,2026-05-22T20:30:00.000Z,"Allstate Arena, Rosemont, IL",160252172,6513804,
Palomazo Norteno Tour Clase Maestra Fort Worth,2026-06-19T19:30:00.000Z,"Dickies Arena, Fort Worth, TX",160620308,6748077,
Parker Mccollum Alpharetta,2026-07-18T19:00:00.000Z,"Ameris Bank Amphitheatre, Alpharetta, GA",159871039,6299665,
Parker Mccollum Beaumont,2026-09-26T19:00:00.000Z,"Doggett Ford Park, Beaumont, TX",159872162,6299739,
Parker Mccollum Bend,2026-06-26T19:00:00.000Z,"Hayden Homes Amphitheater, Bend, OR",159871998,6299651,
Parker Mccollum Brandon,2026-07-16T19:00:00.000Z,"Brandon Amphitheater, Brandon, MS",159871861,6299657,
Parker Mccollum Bridgeport,2026-08-06T19:00:00.000Z,"Hartford HealthCare Amphitheater, Bridgeport, CT",159872140,6299677,
Parker Mccollum Burgettstown,2026-08-08T19:00:00.000Z,"The Pavilion at Star Lake, Burgettstown, PA",159871247,6299681,
Parker Mccollum Cuyahoga Falls,2026-07-24T19:00:00.000Z,"Blossom Music Center, Cuyahoga Falls, OH",159871040,6299667,
Parker Mccollum Dayton,2026-07-25T19:00:00.000Z,"Wright State University Nutter Center, Dayton, OH",159872137,6299669,
Parker Mccollum Evansville,2026-09-19T19:00:00.000Z,"Ford Center, Evansville, IN",159872159,6299707,
Parker Mccollum Gilford New,2026-09-04T19:00:00.000Z,"BankNH Pavilion, Gilford, NH",159871045,6299691,
Parker Mccollum Jonesboro,2026-09-17T19:00:00.000Z,"First National Bank Arena, Jonesboro, AR",159872157,6299699,
Parker Mccollum Los Angeles,2026-06-19T19:00:00.000Z,"Greek Theatre, Los Angeles, CA",159872121,6299645,
Parker Mccollum Milwaukee,2026-06-04T19:00:00.000Z,"BMO Pavilion, MILWAUKEE, WI",159871616,6299633,
Parker Mccollum Oklahoma City,2026-09-25T19:00:00.000Z,"Paycom Center, Oklahoma City, OK",159871050,6299735,
Parker Mccollum Omaha,2026-08-01T19:00:00.000Z,"CHI Health Center Omaha, Omaha, NE",159871043,6299675,
Parker Mccollum Orange Beach,2026-07-17T19:00:00.000Z,"The Wharf Amphitheater, Orange Beach, AL",159872132,6299663,
Parker Mccollum Riverside,2026-07-31T19:00:00.000Z,"Morton Amphitheater, Riverside, MO",159872138,6299673,
Parker Mccollum Rogers,2026-09-18T19:00:00.000Z,"Walmart AMP, Rogers, AR",159872158,6299703,
Parker Mccollum Sacramento,2026-06-20T19:00:00.000Z,"Golden 1 Center, Sacramento, CA",159871046,6299647,
Parker Mccollum San Diego,2026-06-18T19:00:00.000Z,"Viejas Arena at Aztec Bowl San Diego State University, San Diego, CA",159872120,6299643,
Parker Mccollum Saratoga Springs New,2026-09-05T19:00:00.000Z,"Saratoga Performing Arts Center, Saratoga Springs, NY",159871049,6299695,
Parker Mccollum Simpsonville South,2026-08-21T19:00:00.000Z,"CCNB Amphitheatre at Heritage Park, Simpsonville, SC",159872143,6299685,
Parker Mccollum Sterling Heights,2026-06-05T19:00:00.000Z,"Michigan Lottery Amphitheatre at Freedom Hill, Sterling Heights, MI",159871821,6299637,
Patriotic Festival: Brooks & Dunn,2026-05-23T19:00:00.000Z,"Scope Arena, Norfolk, VA",159578879,6121339,
Paul Simon A Quiet Celebration Atlanta,2026-07-13T20:00:00.000Z,"Synovus Bank Amphitheater at Chastain Park, Atlanta, GA",160414054,6613676,
Paul Simon Bethel New,2026-07-03T20:00:00.000Z,"Bethel Woods Center for the Arts, Bethel, NY",160414053,6613643,
Paul Simon Cincinnati,2026-06-18T20:00:00.000Z,"PNC PAVILION, Cincinnati, OH",160414051,6613570,
Paul Simon Cuyahoga Falls,2026-06-23T20:00:00.000Z,"Blossom Music Center, Cuyahoga Falls, OH",160412475,6613375,
Paul Simon Franklin,2026-07-15T20:00:00.000Z,"FirstBank Amphitheater, Franklin, TN",160414052,6613678,
Paul Simon Gilford New,2026-06-30T20:00:00.000Z,"BankNH Pavilion, Gilford, NH",160413355,6613616,
Paul Simon Hollywood,2026-06-07T20:00:00.000Z,"Hollywood Bowl, Hollywood, CA",160412417,6613371,
Paul Simon Philadelphia,2026-07-05T20:00:00.000Z,"TD Pavilion at Highmark Mann, Philadelphia, PA",160413356,6613670,
Paul Simon Raleigh North,2026-07-11T20:00:00.000Z,"Coastal Credit Union Music Park at Walnut Creek, Raleigh, NC",160413353,6613674,
Paul Simon Rochester Hills,2026-06-20T20:00:00.000Z,"Meadow Brook Amphitheatre, Rochester Hills, MI",160414873,6613574,
Philadelphia Eagles vs. Carolina Panthers,2026-10-18T13:00:00.000Z,Lincoln Financial Field,160426300,6495046,
Philadelphia Eagles vs. Dallas Cowboys,2026-10-26T20:15:00.000Z,Lincoln Financial Field,160426303,6494930,
Philadelphia Eagles vs. Houston Texans,2026-12-24T20:15:00.000Z,Lincoln Financial Field,160426302,6495008,
Philadelphia Eagles vs. Indianapolis Colts,2026-12-13T13:00:00.000Z,Lincoln Financial Field,160426301,6495010,
Philadelphia Eagles vs. Los Angeles Rams,2026-10-04T13:00:00.000Z,Lincoln Financial Field,160426299,6494974,
Philadelphia Eagles vs. New York Giants,2026-11-08T13:00:00.000Z,Lincoln Financial Field,160426306,6494940,
Philadelphia Eagles vs. Pittsburgh Steelers,2026-11-22T16:25:00.000Z,Lincoln Financial Field,160426305,6495024,
Philadelphia Eagles vs. Seattle Seahawks,2026-12-19T17:00:00.000Z,Lincoln Financial Field,160426362,6494988,
Philadelphia Eagles vs. Washington Commanders,2026-09-13T16:25:00.000Z,Lincoln Financial Field,160426298,6464078,
Pierce The Veil I Cant Hear San Diego,2026-09-12T18:30:00.000Z,"Petco Park, San Diego, CA",160356591,6581177,
Pitbull Im Back With Special Guest Bangor,2026-08-31T20:00:00.000Z,"Maine Savings Amphitheater, Bangor, ME",160283341,6529723,
Pitbull Im Back With Special Guest Bristow,2026-08-19T20:00:00.000Z,"Jiffy Lube Live, Bristow, VA",160283222,6529707,
Pitbull Im Back With Special Guest Clarkston,2026-09-09T20:00:00.000Z,"Pine Knob Music Theatre, Clarkston, MI",160282696,6529765,
Pitbull Im Back With Special Guest Cuyahoga Falls,2026-09-16T20:00:00.000Z,"Blossom Music Center, Cuyahoga Falls, OH",160283006,6529795,
Pitbull Im Back With Special Guest Grand Rapids,2026-09-10T20:00:00.000Z,"Acrisure Amphitheater, Grand Rapids, MI",160283523,6529772,
Pitbull Im Back With Special Guest Kansas City,2026-09-25T20:00:00.000Z,"Morton Amphitheater, Kansas City, MO",160283749,6529809,
Pitbull Im Back With Special Guest Maryland Heights,2026-09-18T20:00:00.000Z,"Hollywood Casino Amphitheater, Maryland Heights, MO",160283010,6529799,
Pitbull Im Back With Special Guest Phoenix,2026-05-27T20:00:00.000Z,"Talking Stick Resort Amphitheatre, Phoenix, AZ",160282933,6529691,
Pitbull Im Back With Special Guest Syracuse New,2026-08-26T20:00:00.000Z,"Empower Federal Credit Union Amphitheater at Lakeview, Syracuse, NY",160283292,6529717,
Pitbull Im Back With Special Guest Tinley Park,2026-09-13T20:00:00.000Z,"Credit Union 1 Amphitheatre, Tinley Park, IL",160283657,6529786,
Pitbull Im Back With Special Guest Virginia Beach,2026-08-21T20:00:00.000Z,"Veterans United Home Loans Amphitheater at Virginia Beach, Virginia Beach, VA",160283235,6529709,
Pitbull Im Back With Special Guest West Valley City,2026-06-03T20:00:00.000Z,"Utah First Credit Union Amphitheatre, West Valley City, UT",160283012,6529699,
Pittsburgh Steelers vs. Atlanta Falcons,2026-09-13T13:00:00.000Z,Acrisure Stadium,160418151,6495144,
Pittsburgh Steelers vs. Baltimore Ravens,2026-12-20T13:00:00.000Z,Acrisure Stadium,160418144,6495077,
Pittsburgh Steelers vs. Cincinnati Bengals,2026-09-27T13:00:00.000Z,Acrisure Stadium,160418145,6495079,
Pittsburgh Steelers vs. Cleveland Browns,2026-11-01T13:00:00.000Z,Acrisure Stadium,160418148,6495081,
Pittsburgh Steelers vs. Denver Broncos,2026-11-27T15:00:00.000Z,Acrisure Stadium,160418149,6495152,
Pittsburgh Steelers vs. Houston Texans,2026-12-06T20:20:00.000Z,Acrisure Stadium,160418150,6495159,
Pittsburgh Steelers vs. Indianapolis Colts,2026-10-11T13:00:00.000Z,Acrisure Stadium,160418147,6495169,
Post Malone Presents The Big Ass Ames,2026-07-17T19:00:00.000Z,"ISU Cyclones - MidAmerican Energy Field at Jack Trice Stadium, Ames, IA",160402439,6608299,
Post Malone Presents The Big Ass Birmingham,2026-05-26T19:30:00.000Z,"Protective Stadium, Birmingham, AL",160402436,6608395,
Post Malone Presents The Big Ass Charlotte North,2026-06-09T19:00:00.000Z,"Bank of America Stadium, Charlotte, NC",160402434,6608285,
Post Malone Presents The Big Ass Cleveland,2026-06-25T19:00:00.000Z,"Huntington Bank Field, Cleveland, OH",160402441,6608301,
Post Malone Presents The Big Ass East Hartford,2026-06-22T19:30:00.000Z,"Pratt & Whitney Stadium, East Hartford, CT",160402458,6608389,
Post Malone Presents The Big Ass Fayetteville,2026-07-11T19:00:00.000Z,"Donald W. Reynolds Razorback Stadium, Fayetteville, AR",160402442,6608385,
Post Malone Presents The Big Ass Indianapolis,2026-06-12T19:30:00.000Z,"Lucas Oil Stadium, Indianapolis, IN",160402433,6608317,
Post Malone Presents The Big Ass Kansas City,2026-07-15T19:00:00.000Z,"Kauffman Stadium, Kansas City, MO",160402465,6608383,
Post Malone Presents The Big Ass Tampa,2026-05-29T19:30:00.000Z,"Raymond James Stadium, Tampa, FL",,6608287,https://www.postmalone.com/shows/
Presason Game 1: Cincinnati Bengals v Detroit Lions,2026-08-13T19:00:00.000Z,Paycor Stadium,160425796,6585238,
Presason Game 2: Cincinnati Bengals v Chicago Bears,2026-08-22T19:00:00.000Z,Paycor Stadium,160425795,6585240,
Preseason Game 1 - Browns V Bills,2026-08-22T13:00:00.000Z,Huntington Bank Field,160425819,6585262,
Preseason Game 1: Atlanta Falcons V Denver Broncos,2026-08-14T19:00:00.000Z,Mercedes-Benz Stadium,160396924,6585340,
Preseason Game 1: Baltimore Ravens v Philadelphia Eagles,2026-08-15T19:00:00.000Z,M&T Bank Stadium,160425754,6585187,
Preseason Game 1: Buffalo Bills v Carolina Panthers,2026-08-15T13:00:00.000Z,Highmark Stadium,160447924,6585211,
Preseason Game 1: Carolina Panthers v Houston Texans,2026-08-28T19:00:00.000Z,Bank of America Stadium,160436127,6585362,
Preseason Game 1: Giants v Vikings,2026-08-15T13:00:00.000Z,MetLife Stadium,160427354,6585447,
Preseason Game 1: Jacksonville Jaguars v Carolina Panthers,2026-08-21T19:30:00.000Z,EverBank Stadium ,160425839,6585313,
Preseason Game 1: Kansas City Chiefs v Los Angeles Rams,2026-08-15T15:00:00.000Z,GEHA Field at Arrowhead Stadium,160425920,6585317,
Preseason Game 1: Los Angeles Chargers v San Francisco 49ers,2026-08-20T19:00:00.000Z,SoFi Stadium,160407528,6585360,
Preseason Game 1: Los Angeles Rams v New Orleans Saints,2026-08-22T13:00:00.000Z,SoFi Stadium,160436320,6585407,
Preseason Game 1: New England Patriots v Indianapolis Colts,2026-08-13T19:30:00.000Z,Gillette Stadium,160425718,6585395,
Preseason Game 1: New York Jets v. Tampa Bay Buccaneers,2026-08-14T19:00:00.000Z,MetLife Stadium,160425736,6585408,
Preseason Game 1: Pittsburgh Steelers v Green Bay Packers,2026-08-13T19:00:00.000Z,Acrisure Stadium,160425762,6585421,
Preseason Game 1: Tampa Bay Buccaneers v Kansas City Chiefs,2026-08-22T19:30:00.000Z,Raymond James Stadium,160435891,6585479,
Preseason Game 1: Tennessee Titans v Seattle Seahawks,2026-08-23T19:00:00.000Z,Nissan Stadium,160425889,6585439,
Preseason Game 2 - Browns V Patriots,2026-08-27T20:00:00.000Z,Huntington Bank Field,160425818,6585265,
Preseason Game 2: Baltimore Ravens v Washington Commanders,2026-08-28T19:00:00.000Z,M&T Bank Stadium,160425755,6585197,
Preseason Game 2: Buffalo Bills v Pittsburgh Steelers,2026-08-27T19:00:00.000Z,Highmark Stadium,160447923,6585209,
Preseason Game 2: Jacksonville Jaguars v Tampa Bay Buccaneers,2026-08-28T19:30:00.000Z,EverBank Stadium ,160425838,6585309,
Preseason Game 2: Kansas City Chiefs v Seattle Seahawks,2026-08-28T19:00:00.000Z,GEHA Field at Arrowhead Stadium,160425919,6585319,
Preseason Game 2: Los Angeles Chargers v Los Angeles Rams,2026-08-27T19:00:00.000Z,SoFi Stadium,160407535,6585364,
Preseason Game 2: New England Patriots v Philadelphia Eagles,2026-08-22T19:00:00.000Z,Gillette Stadium,160425719,6585397,
Preseason Game 2: New York Jets v. New York Giants,2026-08-28T19:30:00.000Z,MetLife Stadium,160425737,6585405,
Preseason Game 2: Pittsburgh Steelers v New York Jets,2026-08-21T19:00:00.000Z,Acrisure Stadium,160425763,6585423,
Preseason Game: Indianapolis Colts vs. Atlanta Falcons,2026-08-22T13:00:00.000Z,Lucas Oil Stadium,160425860,6585297,
Preseason Game: Indianapolis Colts vs. Detroit Lions,2026-08-29T15:00:00.000Z,Lucas Oil Stadium,160425859,6585299,
Preseason Game: Minnesota Vikings v Baltimore Ravens,2026-08-22T12:00:00.000Z,U.S. Bank Stadium,160435788,6585419,
Preseason Game: Philadelphia Eagles v Cincinnati Bengals,2026-08-28T20:00:00.000Z,Lincoln Financial Field,160426480,6585455,
Preseason Miami Dolphins vs. Atlanta Falcons,2026-08-28T19:00:00.000Z,Hard Rock Stadium,160425731,6585382,
Preseason Miami Dolphins vs. New York Giants,2026-08-22T16:00:00.000Z,Hard Rock Stadium,160425730,6585380,
Rahat Fateh Ali Khan,2026-10-02T20:00:00.000Z,Agganis Arena,161069978,6983911,
Rene Vaca 2026 Tour Tucson,2026-06-27T19:00:00.000Z,"Linda Ronstadt Music Hall, Tucson, AZ",160273607,6523399,
Riley Green Cowboy As It Gets Bristow,2026-08-08T19:00:00.000Z,"Jiffy Lube Live, Bristow, VA",159414214,6016970,
Riley Green Cowboy As It Gets Burgettstown,2026-06-26T19:00:00.000Z,"The Pavilion at Star Lake, Burgettstown, PA",159414213,6016962,
Riley Green Cowboy As It Gets Camden New,2026-08-13T19:00:00.000Z,"Freedom Mortgage Pavilion , Camden, NJ",159414215,6016972,
Riley Green Cowboy As It Gets Cuyahoga Falls,2026-08-07T19:00:00.000Z,"Blossom Music Center, Cuyahoga Falls, OH",159414232,6016969,
Riley Green Cowboy As It Gets Darien Center New,2026-08-06T19:00:00.000Z,"Darien Lake Amphitheater, Darien Center, NY",159414923,6016968,
Riley Green Cowboy As It Gets Grand Forks North,2026-08-22T19:00:00.000Z,"Ralph Engelstad Arena, Grand Forks, ND",159414880,6016977,
Riley Green Cowboy As It Gets Hartford,2026-08-14T19:00:00.000Z,"The Meadows Music Theatre, Hartford, CT",159415150,6016973,
Riley Green Cowboy As It Gets Noblesville,2026-06-25T19:00:00.000Z,"Ruoff Music Center, Noblesville, IN",159414182,6016960,
Riley Green Cowboy As It Gets Saratoga Springs New,2026-06-19T19:00:00.000Z,"Saratoga Performing Arts Center, Saratoga Springs, NY",159414185,6016958,
Riley Green Cowboy As It Gets Sioux Falls South,2026-08-21T19:00:00.000Z,"Denny Sanford PREMIER Center, Sioux Falls, SD",159415474,6016976,
Riley Green Cowboy As It Gets Wantagh New,2026-06-20T19:00:00.000Z,"Northwell at Jones Beach Theater, Wantagh, NY",159414183,6016959,
Riley Green Cowboy As It Gets West Valley City,2026-07-23T19:00:00.000Z,"Utah First Credit Union Amphitheatre, West Valley City, UT",159415044,6016967,
Road to 26: Bolivia v. Scotland,2026-06-06T16:00:00.000Z,Sports Illustrated Stadium,160857397,6880593,
Road To 26: Brazil V Egypt,2026-06-06T18:00:00.000Z,Huntington Bank Field,160528952,6683168,
Road to 26: Morocco v. Norway,2026-06-07T15:00:00.000Z,Sports Illustrated Stadium,160857365,6880605,
Rob Zombie Marilyn Manson With The Alpharetta,2026-08-23T19:00:00.000Z,"Ameris Bank Amphitheatre, Alpharetta, GA",160282688,6529774,
Rob Zombie Marilyn Manson With The Auburn,2026-09-17T19:00:00.000Z,"White River Amphitheatre, Auburn, WA",160283563,6529885,
Rob Zombie Marilyn Manson With The Burgettstown,2026-08-29T19:00:00.000Z,"The Pavilion at Star Lake, Burgettstown, PA",160282711,6529848,
Rob Zombie Marilyn Manson With The Charlotte North,2026-08-24T18:30:00.000Z,"Truliant Amphitheater, Charlotte, NC",160282691,6529919,
Rob Zombie Marilyn Manson With The Clarkston,2026-09-04T19:00:00.000Z,"Pine Knob Music Theatre, Clarkston, MI",160282685,6529856,
Rob Zombie Marilyn Manson With The Concord,2026-09-20T19:00:00.000Z,"Toyota Pavilion at Concord, Concord, CA",160283565,6529904,
Rob Zombie Marilyn Manson With The Cuyahoga Falls,2026-09-02T19:00:00.000Z,"Blossom Music Center, Cuyahoga Falls, OH",160282683,6529854,
Rob Zombie Marilyn Manson With The Darien Center New,2026-08-30T19:00:00.000Z,"Darien Lake Amphitheater, Darien Center, NY",160283554,6529850,
Rob Zombie Marilyn Manson With The Holmdel New,2026-08-26T19:00:00.000Z,"PNC Bank Arts Center, Holmdel, NJ",160282682,6529823,
Rob Zombie Marilyn Manson With The Mansfield,2026-08-27T19:00:00.000Z,"Xfinity Center, Mansfield, MA",160283553,6529828,
Rob Zombie Marilyn Manson With The Maryland Heights,2026-09-09T19:00:00.000Z,"Hollywood Casino Amphitheater, Maryland Heights, MO",160282686,6529867,
Rob Zombie Marilyn Manson With The Noblesville,2026-09-06T19:00:00.000Z,"Ruoff Music Center, Noblesville, IN",160282684,6529862,
Rob Zombie Marilyn Manson With The Ridgefield,2026-09-18T19:00:00.000Z,"Cascades Amphitheater, Ridgefield, WA",160283564,6529896,
Rob Zombie Marilyn Manson With The Riverside,2026-09-10T19:00:00.000Z,"Morton Amphitheater, Riverside, MO",160283561,6529869,
Rob Zombie Marilyn Manson With The Tampa,2026-08-21T19:00:00.000Z,"MIDFLORIDA Credit Union Amphitheatre at the FL State Fairgrounds, Tampa, FL",160282690,6529780,
Rob Zombie Marilyn Manson With The Tinley Park,2026-09-05T19:00:00.000Z,"Credit Union 1 Amphitheatre, Tinley Park, IL",160282713,6529860,
Rob Zombie Marilyn Manson With The West Palm Beach,2026-08-20T19:00:00.000Z,"iTHINK Financial Amphitheatre , West Palm Beach, FL",160282687,6529784,
Rob Zombie Marilyn Manson With The West Valley City,2026-09-14T19:00:00.000Z,"Utah First Credit Union Amphitheatre, West Valley City, UT",160283284,6529873,
Robyn The Sexistential Tour Boston,2026-09-03T20:00:00.000Z,"Agganis Arena, Boston, MA",160524417,6676850,
Robyn The Sexistential Tour Brooklyn New,2026-09-04T20:00:00.000Z,"Barclays Center, Brooklyn, NY",160520878,6676860,
Robyn The Sexistential Tour Inglewood,2026-09-23T20:00:00.000Z,"Kia Forum, Inglewood, CA",160444292,6628938,
Robyn The Sexistential Tour Inglewood,2026-09-24T20:00:00.000Z,"Kia Forum, Inglewood, CA",160483135,6653032,
Rod Stewart,2026-05-29T19:00:00.000Z,"The Colosseum at Caesars Palace, Las Vegas, NV",159502901,6091648,
Rod Stewart,2026-05-30T19:00:00.000Z,"The Colosseum at Caesars Palace, Las Vegas, NV",159502896,6091649,
Rod Stewart One Last Time Chula Vista,2026-06-12T19:00:00.000Z,"North Island Credit Union Amphitheatre, Chula Vista, CA",159820208,6268941,
Rod Stewart One Last Time Cincinnati,2026-08-09T19:00:00.000Z,"Riverbend Music Center, Cincinnati, OH",159820753,6268957,
Rod Stewart One Last Time Hollywood,2026-06-10T19:00:00.000Z,"Hollywood Bowl, Hollywood, CA",159819637,6268939,
Rod Stewart One Last Time Phoenix,2026-06-08T19:00:00.000Z,"Mortgage Matchup Center, Phoenix, AZ",159819624,6268935,
Rod Stewart One Last Time Riverside,2026-08-15T19:00:00.000Z,"Morton Amphitheater, Riverside, MO",159820730,6268983,
Rod Stewart One Last Time Virginia Beach,2026-08-01T19:00:00.000Z,"Veterans United Home Loans Amphitheater at Virginia Beach, Virginia Beach, VA",159819715,6268953,
Rod Stewart One Last Time Wantagh New,2026-07-31T19:00:00.000Z,"Northwell at Jones Beach Theater, Wantagh, NY",159819633,6268951,
Rod Stewart One Last Time West Valley City,2026-06-19T19:00:00.000Z,"Utah First Credit Union Amphitheatre, West Valley City, UT",159820230,6268947,
Rod Stewart The Encore Shows Las Las Vegas,2026-05-27T19:00:00.000Z,"The Colosseum at Caesars Palace, Las Vegas, NV",159502897,6091646,
Rod Stewart The Encore Shows Las Las Vegas,2026-06-02T19:00:00.000Z,"The Colosseum at Caesars Palace, Las Vegas, NV",159502902,6091651,
Rod Stewart The Encore Shows Las Las Vegas,2026-06-04T19:00:00.000Z,"The Colosseum at Caesars Palace, Las Vegas, NV",159502895,6091653,
Rod Stewart The Encore Shows Las Las Vegas,2026-06-06T19:00:00.000Z,"The Colosseum at Caesars Palace, Las Vegas, NV",159502899,6091654,
Romeo Santos Prince Royce Mejor Tarde Anaheim,2026-05-22T20:00:00.000Z,"Honda Center, Anaheim, CA",160095689,6428239,
Romeo Santos Prince Royce Mejor Tarde Fresno,2026-05-23T20:00:00.000Z,"Save Mart Center, Fresno, CA",160096231,6428241,
Romeo Santos Prince Royce Mejor Tarde Ontario,2026-05-24T20:00:00.000Z,"Toyota Arena, Ontario, CA",160095661,6428247,
Romeo Santos Prince Royce Mejor Tarde Rosemont,2026-05-31T20:00:00.000Z,"Allstate Arena, Rosemont, IL",160251762,6513000,
Ron White ,2026-05-22T20:00:00.000Z,"Grand Sierra Resort and Casino, Reno, NV",160035741,6397329,
Rufus Du Sol North America 2026 Birmingham,2026-06-30T19:30:00.000Z,"Coca-Cola Amphitheater, Birmingham, AL",160511846,6670677,
Rufus Du Sol North America 2026 Burgettstown,2026-09-03T19:30:00.000Z,"The Pavilion at Star Lake, Burgettstown, PA",160511648,6670327,
Rufus Du Sol North America 2026 Charlotte North,2026-06-16T19:30:00.000Z,"Truliant Amphitheater, Charlotte, NC",160511654,6669787,
Rufus Du Sol North America 2026 Inglewood,2026-08-11T19:30:00.000Z,"Kia Forum, Inglewood, CA",160562088,6706514,
Rufus Du Sol North America 2026 Inglewood,2026-08-12T19:30:00.000Z,"Kia Forum, Inglewood, CA",160562318,6706777,
Rufus Du Sol North America 2026 Inglewood,2026-08-13T19:00:00.000Z,"Kia Forum, Inglewood, CA",160572711,6707794,
Rufus Du Sol North America 2026 Kansas City,2026-06-10T19:30:00.000Z,"Morton Amphitheater, Kansas City, MO",160511848,6671092,
Rufus Du Sol North America 2026 Shakopee,2026-08-25T19:30:00.000Z,"Mystic Lake Amphitheater, Shakopee, MN",160511847,6671140,
Rufus Du Sol North America 2026 Washington District Of,2026-06-18T19:30:00.000Z,"Audi Field, Washington, DC",160511804,6671112,
San Francisco 49ers vs. Arizona Cardinals,2026-09-27T13:05:00.000Z,Levi'sÂ® Stadium,160437048,6495869,
San Francisco 49ers vs. Denver Broncos,2026-10-04T13:25:00.000Z,Levi'sÂ® Stadium,160437047,6495881,
San Francisco 49ers vs. Las Vegas Raiders,2026-11-08T13:05:00.000Z,Levi'sÂ® Stadium,160437051,6495883,
San Francisco 49ers vs. Los Angeles Rams,2026-12-13T13:25:00.000Z,Levi'sÂ® Stadium,160437045,6495873,
San Francisco 49ers vs. Miami Dolphins,2026-09-20T13:25:00.000Z,Levi'sÂ® Stadium,160437053,6495895,
San Francisco 49ers vs. Philadelphia Eagles,2027-01-03T17:20:00.000Z,Levi'sÂ® Stadium,160437052,6495887,
San Francisco 49ers vs. Seattle Seahawks,2026-11-29T13:25:00.000Z,Levi'sÂ® Stadium,160437046,6495879,
San Francisco 49ers vs. Washington Commanders,2026-10-19T17:15:00.000Z,Levi'sÂ® Stadium,160437049,6495891,
San Jose Earthquakes Vs Los Angeles Santa Clara,2026-09-19T16:30:00.000Z,"Levi'sÂ® Stadium, Santa Clara, CA",159919846,6340204,
Santana The Doobie Brothers Oneness Tour Alpharetta,2026-07-09T19:00:00.000Z,"Ameris Bank Amphitheatre, Alpharetta, GA",160511842,6669554,
Santana The Doobie Brothers Oneness Tour Auburn,2026-08-06T19:00:00.000Z,"White River Amphitheatre, Auburn, WA",160512106,6669558,
Santana The Doobie Brothers Oneness Tour Austin,2026-08-18T19:00:00.000Z,"Moody Center ATX, Austin, TX",160511936,6669597,
Santana The Doobie Brothers Oneness Tour Bethel New,2026-07-04T19:00:00.000Z,"Bethel Woods Center for the Arts, Bethel, NY",160512144,6669544,
Santana The Doobie Brothers Oneness Tour Bristow,2026-06-24T19:00:00.000Z,"Jiffy Lube Live, Bristow, VA",160511881,6669481,
Santana The Doobie Brothers Oneness Tour Charlotte North,2026-07-08T19:00:00.000Z,"Truliant Amphitheater, Charlotte, NC",160511885,6669552,
Santana The Doobie Brothers Oneness Tour Chula Vista,2026-08-11T19:00:00.000Z,"North Island Credit Union Amphitheatre, Chula Vista, CA",160512098,6669570,
Santana The Doobie Brothers Oneness Tour Cincinnati,2026-06-17T19:00:00.000Z,"Riverbend Music Center, Cincinnati, OH",160511735,6669475,
Santana The Doobie Brothers Oneness Tour Clarkston,2026-06-18T19:00:00.000Z,"Pine Knob Music Theatre, Clarkston, MI",160511452,6669477,
Santana The Doobie Brothers Oneness Tour Dallas,2026-08-22T19:00:00.000Z,"American Airlines Center, Dallas, TX",160512017,6669602,
Santana The Doobie Brothers Oneness Tour Grand Rapids,2026-06-15T19:00:00.000Z,"Acrisure Amphitheater, Grand Rapids, MI",160512025,6669471,
Santana The Doobie Brothers Oneness Tour Hershey,2026-06-26T19:00:00.000Z,"Hersheypark Stadium, Hershey, PA",160511839,6669487,
Santana The Doobie Brothers Oneness Tour Hollywood,2026-08-13T19:00:00.000Z,"Hollywood Bowl, Hollywood, CA",160510939,6669572,
Santana The Doobie Brothers Oneness Tour Kansas City,2026-08-26T19:00:00.000Z,"Morton Amphitheater, Kansas City, MO",160512131,6669604,
Santana The Doobie Brothers Oneness Tour Mansfield,2026-06-29T19:00:00.000Z,"Xfinity Center, Mansfield, MA",160512055,6669499,
Santana The Doobie Brothers Oneness Tour Maryland Heights,2026-06-20T19:00:00.000Z,"Hollywood Casino Amphitheater, Maryland Heights, MO",160511817,6669479,
Santana The Doobie Brothers Oneness Tour Noblesville,2026-06-21T19:00:00.000Z,"Ruoff Music Center, Noblesville, IN",160511852,6669714,
Santana The Doobie Brothers Oneness Tour Phoenix,2026-08-14T19:00:00.000Z,"Mortgage Matchup Center, Phoenix, AZ",160511964,6669576,
Santana The Doobie Brothers Oneness Tour Saratoga Springs New,2026-07-01T19:00:00.000Z,"Albany Med Health System at SPAC, Saratoga Springs, NY",160512199,6669523,
Santana The Doobie Brothers Oneness Tour Shakopee,2026-08-27T19:00:00.000Z,"Mystic Lake Amphitheater, Shakopee, MN",160512425,6669606,
Santana The Doobie Brothers Oneness Tour The Woodlands,2026-08-21T19:00:00.000Z,"The Cynthia Woods Mitchell Pavilion sponsored by Huntsman, THE WOODLANDS, TX",160511919,6669599,
Santana The Doobie Brothers Oneness Tour Tinley Park,2026-06-13T19:00:00.000Z,"Credit Union 1 Amphitheatre, Tinley Park, IL",160512288,6669469,
Santana The Doobie Brothers Oneness Tour Wantagh New,2026-07-02T19:00:00.000Z,"Northwell at Jones Beach Theater, Wantagh, NY",160512230,6669539,
Seattle Seahawks vs. Arizona Cardinals,2026-11-08T13:25:00.000Z,Lumen Field,160436506,6492941,
Seattle Seahawks vs. Chicago Bears,2026-11-02T17:15:00.000Z,Lumen Field,160436503,6492981,
Seattle Seahawks vs. Dallas Cowboys,2026-12-07T17:15:00.000Z,Lumen Field,160436508,6492969,
Seattle Seahawks vs. Kansas City Chiefs,2026-10-25T17:20:00.000Z,Lumen Field,160436501,6492975,
Seattle Seahawks vs. Los Angeles Chargers,2026-10-04T13:25:00.000Z,Lumen Field,160436504,6492979,
Seattle Seahawks vs. Los Angeles Rams,2026-12-25T17:15:00.000Z,Lumen Field,160436502,6492955,
Seattle Seahawks vs. New England Patriots,2026-09-09T17:20:00.000Z,Lumen Field,160436505,6493039,
Seattle Seahawks vs. New York Giants,2026-12-13T13:25:00.000Z,Lumen Field,160436500,6492971,
Seattle Seahawks vs. San Francisco 49ers,2026-10-11T13:25:00.000Z,Lumen Field,160436498,6492967,
Seattle Sounders Fc Vs Austin Fc Seattle,2026-08-19T18:30:00.000Z,"Lumen Field, Seattle, WA",159920558,6324768,
Seattle Sounders Fc Vs Cf Montreal Seattle,2026-10-17T19:30:00.000Z,"Lumen Field, Seattle, WA",159920597,6324926,
Seattle Sounders Fc Vs Chicago Fire Seattle,2026-08-29T13:30:00.000Z,"Lumen Field, Seattle, WA",159920566,6324814,
Seattle Sounders Fc Vs Houston Dynamo Seattle,2026-10-28T19:30:00.000Z,"Lumen Field, Seattle, WA",159920603,6324948,
Seattle Sounders Fc Vs Los Angeles Seattle,2026-11-07T16:00:00.000Z,"Lumen Field, Seattle, WA",159920610,6324970,
Seattle Sounders Fc Vs Minnesota United Seattle,2026-09-26T17:30:00.000Z,"Lumen Field, Seattle, WA",159920593,6324908,
Seattle Sounders Fc Vs New York Seattle,2026-09-05T17:30:00.000Z,"Lumen Field, Seattle, WA",159920574,6324856,
Seattle Sounders Fc Vs Portland Timbers Seattle,2026-07-16T19:30:00.000Z,"Lumen Field, Seattle, WA",159920544,6324668,
Seattle Sounders Fc Vs Sporting Kansas Seattle,2026-09-09T19:30:00.000Z,"Lumen Field, Seattle, WA",160436505,6324880,
Seattle Sounders Fc Vs Vancouver Whitecaps Seattle,2026-08-16T18:00:00.000Z,"Lumen Field, Seattle, WA",159920552,6324712,
SHAKIRA - LAS MUJERES YA NO LLORAN WORLD TOUR,2026-06-13T19:30:00.000Z,Intuit Dome,160808463,6856577,
SHAKIRA - LAS MUJERES YA NO LLORAN WORLD TOUR,2026-06-14T19:30:00.000Z,Intuit Dome,160806681,6856581,
SHAKIRA - LAS MUJERES YA NO LLORAN WORLD TOUR,2026-06-17T19:30:00.000Z,Acrisure Arena at Greater Palm Springs,160807027,6856648,
SHAKIRA - LAS MUJERES YA NO LLORAN WORLD TOUR,2026-06-19T19:30:00.000Z,SAP Center at San Jose,160806590,6856758,
SHAKIRA - LAS MUJERES YA NO LLORAN WORLD TOUR,2026-06-23T19:30:00.000Z,American Airlines Center,160806682,6856787,
SHAKIRA - LAS MUJERES YA NO LLORAN WORLD TOUR,2026-06-26T19:30:00.000Z,State Farm Arena,160806588,6856785,
SHAKIRA - LAS MUJERES YA NO LLORAN WORLD TOUR,2026-07-01T19:30:00.000Z,Kaseya Center,160806624,6856778,
SHAKIRA - LAS MUJERES YA NO LLORAN WORLD TOUR,2026-07-06T19:30:00.000Z,CFG Bank Arena,160806625,6856632,
SHAKIRA - LAS MUJERES YA NO LLORAN WORLD TOUR,2026-07-10T19:30:00.000Z,TD Garden,160807408,6856767,
SHAKIRA - LAS MUJERES YA NO LLORAN WORLD TOUR,2026-07-14T19:30:00.000Z,Prudential Center,160807411,6856751,
SHAKIRA - LAS MUJERES YA NO LLORAN WORLD TOUR,2026-07-20T19:30:00.000Z,Barclays Center,160807410,6856715,
SHAKIRA - LAS MUJERES YA NO LLORAN WORLD TOUR,2026-07-23T19:30:00.000Z,UBS Arena,160806683,6856699,
SHAKIRA - LAS MUJERES YA NO LLORAN WORLD TOUR,2026-07-25T19:00:00.000Z,Boardwalk Hall,160807409,6856679,
Shane Gillis & Special Guests Live at Lincoln Financial Field,2026-07-17T20:00:00.000Z,"Lincoln Financial Field, Philadelphia, PA",159943226,6342099,
Shinedown Dance Kid Dance Act Ii Albany New,2026-07-18T19:00:00.000Z,"MVP Arena, Albany, NY",160510845,6669292,
Shinedown Dance Kid Dance Act Ii Austin,2026-05-22T19:00:00.000Z,"Moody Center ATX, Austin, TX",160510284,6669241,
Shinedown Dance Kid Dance Act Ii Biloxi,2026-06-02T19:00:00.000Z,"Mississippi Coast Coliseum, Biloxi, MS",160510824,6669251,
Shinedown Dance Kid Dance Act Ii Boise,2026-08-10T19:00:00.000Z,"ExtraMile Arena, Boise, ID",160510858,6669180,
Shinedown Dance Kid Dance Act Ii El Paso,2026-08-02T19:00:00.000Z,"Don Haskins Center, El Paso, TX",160510855,6669335,
Shinedown Dance Kid Dance Act Ii Estero,2026-05-28T19:00:00.000Z,"Hertz Arena, Estero, FL",160510818,6669245,
Shinedown Dance Kid Dance Act Ii Fargo North,2026-08-20T19:00:00.000Z,"Fargodome, Fargo, ND",160510862,6669316,
Shinedown Dance Kid Dance Act Ii Jacksonville,2026-05-26T19:00:00.000Z,"VyStar Veterans Memorial Arena, Jacksonville, FL",160510285,6669200,
Shinedown Dance Kid Dance Act Ii Knoxville,2026-07-25T19:00:00.000Z,"Food City Center, Knoxville, TN",160510279,6669300,
Shinedown Dance Kid Dance Act Ii Manchester New,2026-07-20T19:00:00.000Z,"SNHU Arena, Manchester, NH",160510848,6669377,
Shinedown Dance Kid Dance Act Ii Newark New,2026-07-21T19:00:00.000Z,"Prudential Center, Newark, NJ",160510298,6669341,
Shinedown Dance Kid Dance Act Ii Oklahoma City,2026-05-23T19:00:00.000Z,"Paycom Center, Oklahoma City, OK",160510297,6669243,
Shinedown Dance Kid Dance Act Ii Ontario,2026-08-06T19:00:00.000Z,"Toyota Arena, Ontario, CA",160510281,6669326,
Shinedown Dance Kid Dance Act Ii Philadelphia,2026-07-23T19:00:00.000Z,"Xfinity Mobile Arena, Philadelphia, PA",160510296,6669296,
Shinedown Dance Kid Dance Act Ii Sparks,2026-08-09T18:00:00.000Z,"Nugget Event Center, SPARKS, NV",160510859,6669418,
Shinedown Dance Kid Dance Act Ii Tampa,2026-05-30T19:00:00.000Z,"Benchmark International Arena, Tampa, FL",160510282,6669247,
Shinedown Dance Kid Dance Act Ii Tucson,2026-08-04T19:00:00.000Z,"Tucson Arena, Tucson, AZ",160510857,6669389,
Shinedown Dance Kid Dance Act Ii Uncasville,2026-07-17T19:00:00.000Z,"Mohegan Sun Arena, Uncasville, CT",160510280,6669178,
Shinedown Dance Kid Dance Act Ii Welch,2026-08-21T19:00:00.000Z,"Treasure Island Amphitheater, Welch, MN",160510863,6669459,
Shinedown Springfield,2026-08-23T20:00:00.000Z,"Illinois State Fairgrounds Il State Fair, Springfield, IL",160518977,6669383,
Shreya Ghoshal - Unstoppable Tour,2026-09-26T20:00:00.000Z,Oakland Arena,160881788,6900345,
Shreya Ghoshal: The Unstoppable Tour,2026-09-09T19:00:00.000Z,Nationwide Arena,160880390,6898193,
Shreya Ghoshal: The Unstoppable Tour,2026-09-11T20:00:00.000Z,NOW Arena,160872610,6892901,
Shreya Ghoshal: The Unstoppable Tour,2026-09-20T19:00:00.000Z,H-E-B Center at Cedar Park,160881273,6900274,
Shreya Ghoshal: The Unstoppable Tour,2026-09-24T19:30:00.000Z,Angel Of The Winds Arena,160882151,6900632,
Sierra Ferrell Heavy Petal Tour Lewiston New,2026-09-02T19:00:00.000Z,"Artpark Mainstage Theater, Lewiston, NY",160434650,6624797,
Sierra Ferrell Heavy Petal Tour Milwaukee,2026-08-29T20:00:00.000Z,"Landmark Credit Union Live, Milwaukee, WI",160434649,6624795,
Smokey Robinson,2026-12-11T19:00:00.000Z,"Chevalier Theatre, Medford, MA",160252317,6514396,
Smokey Robinson Legacy Of Love Rialto Tucson,2026-06-20T20:00:00.000Z,"Rialto Theatre-Tucson, Tucson, AZ",160412062,6610262,
Smokey Robinson Legacy Of Love Tour Northfield,2026-06-28T19:00:00.000Z,"MGM Northfield Park - Center Stage, Northfield, OH",160513922,6672597,
Song Of The Saints Tour with Phil Wickham,2026-05-24T19:00:00.000Z,"Allen County War Memorial Coliseum, Fort Wayne, IN",159398057,6013476,
Song Of The Saints Tour with Phil Wickham,2026-09-17T19:00:00.000Z,"Petersen Events Center, Pittsburgh, PA",160514248,6671441,
Song Of The Saints Tour with Phil Wickham,2026-09-18T19:00:00.000Z,"Wolstein Center at CSU, Cleveland, OH",160520866,6672436,
Song Of The Saints Tour with Phil Wickham,2026-09-19T19:00:00.000Z,"NOW Arena, Hoffman Estates, IL",160522094,6672417,
Song Of The Saints Tour with Phil Wickham,2026-09-24T19:00:00.000Z,"NRG Arena, Houston, TX",160514273,6671447,
Song Of The Saints Tour with Phil Wickham,2026-09-25T19:00:00.000Z,"H-E-B Center at Cedar Park, Cedar Park, TX",160515564,6671455,
Song Of The Saints Tour with Phil Wickham,2026-09-26T19:00:00.000Z,"Dickies Arena, Fort Worth, TX",160512181,6671461,
Song Of The Saints Tour with Phil Wickham,2026-09-27T19:00:00.000Z,"Paycom Center, Oklahoma City, OK",160512179,6671467,
Song Of The Saints Tour with Phil Wickham,2026-10-07T19:00:00.000Z,"Gas South Arena, Duluth, GA",160514299,6671470,
Song Of The Saints Tour with Phil Wickham,2026-10-08T19:00:00.000Z,"Colonial Life Arena, Columbia, SC",160514301,6671479,
Song Of The Saints Tour with Phil Wickham,2026-10-09T19:00:00.000Z,"Addition Financial Arena, Orlando, FL",160514307,6671485,
Song Of The Saints Tour with Phil Wickham,2026-10-10T19:00:00.000Z,"Benchmark International Arena, Tampa, FL",160512259,6671493,
Song Of The Saints Tour with Phil Wickham,2026-10-15T19:00:00.000Z,"Honda Center, Anaheim, CA",160512178,6671502,
Song Of The Saints Tour with Phil Wickham,2026-10-17T19:00:00.000Z,"Desert Diamond Arena, Glendale, AZ",160510684,6671505,
Song Of The Saints Tour with Phil Wickham,2026-10-18T19:00:00.000Z,"Toyota Arena, Ontario, CA",160512180,6671508,
Southern Hospitality Tour The Black Crowes Alpharetta,2026-05-23T19:00:00.000Z,"Ameris Bank Amphitheatre, Alpharetta, GA",160374342,6589506,
Southern Hospitality Tour The Black Crowes Augusta,2026-06-04T19:00:00.000Z,"Bell Auditorium, Augusta, GA",160375485,6590990,
Southern Hospitality Tour The Black Crowes Birmingham,2026-05-24T19:00:00.000Z,"Coca-Cola Amphitheater, Birmingham, AL",160375477,6590235,
Southern Hospitality Tour The Black Crowes Brandon,2026-05-26T19:00:00.000Z,"Brandon Amphitheater, Brandon, MS",160375482,6589579,
Southern Hospitality Tour The Black Crowes Bridgeport,2026-06-17T19:00:00.000Z,"Hartford HealthCare Amphitheater, Bridgeport, CT",160375502,6589698,
Southern Hospitality Tour The Black Crowes Camden New,2026-06-12T19:00:00.000Z,"Freedom Mortgage Pavilion , Camden, NJ",160374345,6589664,
Southern Hospitality Tour The Black Crowes Charlotte North,2026-06-06T19:00:00.000Z,"Truliant Amphitheater, Charlotte, NC",160374356,6589642,
Southern Hospitality Tour The Black Crowes Cincinnati,2026-06-09T19:00:00.000Z,"Riverbend Music Center, Cincinnati, OH",160375490,6589652,
Southern Hospitality Tour The Black Crowes Clarkston,2026-07-18T19:00:00.000Z,"Pine Knob Music Theatre, Clarkston, MI",160375508,6589678,
Southern Hospitality Tour The Black Crowes Columbia,2026-06-16T19:00:00.000Z,"Merriweather Post Pavilion, Columbia, MD",160374357,6589684,
Southern Hospitality Tour The Black Crowes Cuyahoga Falls,2026-06-10T19:00:00.000Z,"Blossom Music Center, Cuyahoga Falls, OH",160374361,6589668,
Southern Hospitality Tour The Black Crowes Dallas,2026-08-09T19:00:00.000Z,"Dos Equis Pavilion, Dallas, TX",160374346,6589963,
Southern Hospitality Tour The Black Crowes Grand Rapids,2026-07-22T19:00:00.000Z,"Acrisure Amphitheater, Grand Rapids, MI",160375396,6589494,
Southern Hospitality Tour The Black Crowes Hollywood,2026-05-30T19:00:00.000Z,"Hard Rock Live, HOLLYWOOD, FL",160375481,6589604,
Southern Hospitality Tour The Black Crowes Lincoln,2026-08-04T19:00:00.000Z,"Pinewood Bowl Theater, Lincoln, NE",160375515,6590643,
Southern Hospitality Tour The Black Crowes Mansfield,2026-06-19T19:00:00.000Z,"Xfinity Center, Mansfield, MA",160375497,6589705,
Southern Hospitality Tour The Black Crowes Maryland Heights,2026-07-25T19:00:00.000Z,"Hollywood Casino Amphitheater, Maryland Heights, MO",160374344,6589650,
Southern Hospitality Tour The Black Crowes Mountain View,2026-08-20T19:00:00.000Z,"Shoreline Amphitheatre, Mountain View, CA",160375525,6589636,
Southern Hospitality Tour The Black Crowes Nashville,2026-05-21T19:00:00.000Z,"Bridgestone Arena, Nashville, TN",160374358,6589476,
Southern Hospitality Tour The Black Crowes Newark New,2026-06-20T19:00:00.000Z,"Prudential Center, Newark, NJ",160374360,6602472,
Southern Hospitality Tour The Black Crowes Orange Beach,2026-05-27T19:00:00.000Z,"The Wharf Amphitheater, Orange Beach, AL",160375483,6589601,
Southern Hospitality Tour The Black Crowes Phoenix,2026-08-15T19:00:00.000Z,"Mortgage Matchup Center, Phoenix, AZ",160375520,6589686,
Southern Hospitality Tour The Black Crowes Raleigh North,2026-06-07T19:00:00.000Z,"Coastal Credit Union Music Park at Walnut Creek, Raleigh, NC",160374355,6589654,
Southern Hospitality Tour The Black Crowes Riverside,2026-07-30T19:00:00.000Z,"Morton Amphitheater, Riverside, MO",160375513,6590306,
Southern Hospitality Tour The Black Crowes Shakopee,2026-07-28T19:00:00.000Z,"Mystic Lake Amphitheater, Shakopee, MN",160375379,6589763,
Southern Hospitality Tour The Black Crowes Tampa,2026-05-31T19:00:00.000Z,"MIDFLORIDA Credit Union Amphitheatre at the FL State Fairgrounds, Tampa, FL",160374343,6589638,
Southern Hospitality Tour The Black Crowes The Woodlands,2026-08-08T19:00:00.000Z,"The Cynthia Woods Mitchell Pavilion sponsored by Huntsman, THE WOODLANDS, TX",160374341,6589666,
Southern Hospitality Tour The Black Crowes Tinley Park,2026-07-24T19:00:00.000Z,"Credit Union 1 Amphitheatre, Tinley Park, IL",160374363,6589656,
Southern Hospitality Tour The Black Crowes West Valley City,2026-08-13T19:00:00.000Z,"Utah First Credit Union Amphitheatre, West Valley City, UT",160375519,6589690,
Southern Hospitality Tour The Black Crowes Wheatland,2026-08-19T19:00:00.000Z,"Toyota Amphitheatre, Wheatland, CA",160375523,6589658,
Springsteen E Street Land Of Hope Washington District Of,2026-05-27T20:00:00.000Z,"Nationals Park, Washington, DC",160512937,6671845,
Staind Break The Cycle 25th Anniversary Albuquerque New,2026-10-14T19:00:00.000Z,"Isleta Amphitheater, Albuquerque, NM",160415095,6614456,
Staind Break The Cycle 25th Anniversary Austin,2026-10-19T19:00:00.000Z,"Moody Center ATX, Austin, TX",160414248,6614465,
Staind Break The Cycle 25th Anniversary Camden New,2026-09-16T19:00:00.000Z,"Freedom Mortgage Pavilion , Camden, NJ",160414238,6614411,
Staind Break The Cycle 25th Anniversary Charlotte North,2026-09-10T19:00:00.000Z,"Truliant Amphitheater, Charlotte, NC",160414236,6614395,
Staind Break The Cycle 25th Anniversary Clarkston,2026-09-27T19:00:00.000Z,"Pine Knob Music Theatre, Clarkston, MI",160414235,6614431,
Staind Break The Cycle 25th Anniversary Darien Center New,2026-09-19T19:00:00.000Z,"Darien Lake Amphitheater, Darien Center, NY",160415042,6614415,
Staind Break The Cycle 25th Anniversary Franklin,2026-09-29T19:00:00.000Z,"FirstBank Amphitheater, Franklin, TN",160415058,6614437,
Staind Break The Cycle 25th Anniversary Mansfield,2026-09-18T19:00:00.000Z,"Xfinity Center, Mansfield, MA",160415041,6614413,
Staind Break The Cycle 25th Anniversary Ontario,2026-10-10T19:00:00.000Z,"Toyota Arena, Ontario, CA",160414243,6614452,
Staind Break The Cycle 25th Anniversary Phoenix,2026-10-13T19:00:00.000Z,"Talking Stick Resort Amphitheatre, Phoenix, AZ",160414242,6614441,
Staind Break The Cycle 25th Anniversary Ridgedale,2026-10-01T19:00:00.000Z,"Thunder Ridge Nature Arena, Ridgedale, MO",160415063,6614439,
Staind Break The Cycle 25th Anniversary Shakopee,2026-09-24T19:00:00.000Z,"Mystic Lake Amphitheater, Shakopee, MN",160416589,6614425,
Staind Break The Cycle 25th Anniversary Tinley Park,2026-09-23T19:00:00.000Z,"Credit Union 1 Amphitheatre, Tinley Park, IL",160414234,6614423,
Staind Break The Cycle 25th Anniversary Tulsa,2026-10-16T19:00:00.000Z,"BOK Center, Tulsa, OK",160414245,6614461,
Staind Break The Cycle 25th Anniversary Virginia Beach,2026-09-13T18:00:00.000Z,"Veterans United Home Loans Amphitheater at Virginia Beach, Virginia Beach, VA",160414233,6614401,
Staind Break The Cycle 25th Anniversary Wantagh New,2026-09-14T19:00:00.000Z,"Northwell at Jones Beach Theater, Wantagh, NY",160414237,6614407,
Staind Break The Cycle 25th Anniversary West Valley City,2026-10-07T19:00:00.000Z,"Utah First Credit Union Amphitheatre, West Valley City, UT",160415070,6614446,
Stars On Ice Southaven,2026-05-31T16:00:00.000Z,"Landers Center , Southaven, MS",159886361,6309644,
Stars On Ice Us Allen,2026-05-30T19:00:00.000Z,"Credit Union of Texas Event Center, Allen, TX",160571960,6711537,
Styx Chicago The Windy Cities Tour Alpharetta,2026-07-17T19:00:00.000Z,"Ameris Bank Amphitheatre, Alpharetta, GA",159979487,6362006,
Styx Chicago The Windy Cities Tour Austin,2026-08-19T19:00:00.000Z,"Moody Center ATX, Austin, TX",159979484,6361638,
Styx Chicago The Windy Cities Tour Cincinnati,2026-08-06T19:00:00.000Z,"Riverbend Music Center, Cincinnati, OH",159979814,6361968,
Styx Chicago The Windy Cities Tour Concord,2026-09-04T19:00:00.000Z,"Toyota Pavilion at Concord, Concord, CA",159979828,6361996,
Styx Chicago The Windy Cities Tour Gilford New,2026-07-25T19:00:00.000Z,"BankNH Pavilion, Gilford, NH",159979485,6361946,
Styx Chicago The Windy Cities Tour Maryland Heights,2026-08-24T19:00:00.000Z,"Hollywood Casino Amphitheater, Maryland Heights, MO",159979486,6361794,
Styx Chicago The Windy Cities Tour West Valley City,2026-08-30T19:00:00.000Z,"Utah First Credit Union Amphitheatre, West Valley City, UT",159979823,6361798,
Styx With Special Guest Cheap Trick Camdenton,2026-05-23T19:30:00.000Z,"Ozarks Amphitheater, Camdenton, MO",160085834,6424070,
Styx With Special Guest Don Felder Columbus,2026-07-29T19:00:00.000Z,"Ohio Expo Center & State Fair, Columbus, OH",160412764,6612875,
Summer Of 99 And Beyond Festival Tinley Park,2026-07-18T19:00:00.000Z,"Credit Union 1 Amphitheatre, Tinley Park, IL",160064659,6410626,
Summer Walker Still Finally Over It Austin,2026-06-18T19:30:00.000Z,"Moody Center ATX, Austin, TX",160334912,6566241,
Summer Walker Still Finally Over It Boston,2026-06-07T19:30:00.000Z,"TD Garden, Boston, MA",160334910,6566245,
Summer Walker Still Finally Over It Brooklyn New,2026-06-02T19:30:00.000Z,"Barclays Center, Brooklyn, NY",160334907,6566228,
Summer Walker Still Finally Over It Charlotte North,2026-06-10T19:30:00.000Z,"Spectrum Center, Charlotte, NC",160334911,6566254,
Summer Walker Still Finally Over It Chicago,2026-05-29T19:30:00.000Z,"United Center, Chicago, IL",160334946,6566216,
Summer Walker Still Finally Over It Dallas,2026-06-17T19:30:00.000Z,"American Airlines Center, Dallas, TX",160334947,6566260,
Summer Walker Still Finally Over It Detroit,2026-05-31T19:30:00.000Z,"Little Caesars Arena, Detroit, MI",160334945,6566220,
Summer Walker Still Finally Over It Los Angeles,2026-06-25T19:30:00.000Z,"Crypto.com Arena, Los Angeles, CA",160334948,6566280,
Summer Walker Still Finally Over It Miami,2026-06-14T19:30:00.000Z,"Kaseya Center, Miami, FL",160334944,6566258,
Summer Walker Still Finally Over It Oakland,2026-06-28T19:30:00.000Z,"Oakland Arena, Oakland, CA",160334909,6566183,
Summer Walker Still Finally Over It Philadelphia,2026-06-05T19:30:00.000Z,"Xfinity Mobile Arena, Philadelphia, PA",160334913,6566238,
Summer Walker Still Finally Over It Seattle,2026-07-01T19:30:00.000Z,"Climate Pledge Arena, Seattle, WA",160334898,6566222,
Switzerland vs Australia,2026-06-06T12:00:00.000Z,Snapdragon Stadium,160897740,6905374,
Tampa Bay Buccaneers V Atlanta Falcons,2026-11-01T13:00:00.000Z,Raymond James Stadium,160435860,6496254,
Tampa Bay Buccaneers V Carolina Panthers,2026-11-30T20:15:00.000Z,Raymond James Stadium,160435861,6496258,
Tampa Bay Buccaneers V Cleveland Browns,2026-09-20T13:00:00.000Z,Raymond James Stadium,160435852,6496261,
Tampa Bay Buccaneers V Green Bay Packers,2026-10-04T13:00:00.000Z,Raymond James Stadium,160435858,6496265,
Tampa Bay Buccaneers V Los Angeles Chargers,2026-12-06T13:00:00.000Z,Raymond James Stadium,160435856,6496272,
Tampa Bay Buccaneers V Los Angeles Rams,2027-01-03T00:00:00.000Z,Raymond James Stadium,160435855,6496275,
Tampa Bay Buccaneers V Minnesota Vikings,2026-09-27T16:05:00.000Z,Raymond James Stadium,160435859,6496279,
Tampa Bay Buccaneers v New Orleans Saints,2026-12-20T13:00:00.000Z,Raymond James Stadium,160435854,6496283,
Tampa Bay Buccaneers V Pittsburgh Steelers,2026-10-18T13:00:00.000Z,Raymond James Stadium,160435853,6496285,
Tape B X Levity Present Summer Bonner,2026-07-17T18:00:00.000Z,"KettleHouse Amphitheater, Missoula, MT",160253892,6513327,
Tape B X Levity Present Summer Boston,2026-08-01T19:00:00.000Z,Massachusetts,160254456,6513367,
Teddy Swims Summer 2026 Tour North Charleston South,2026-06-10T20:00:00.000Z,"North Charleston Coliseum, North Charleston, SC",160366027,6584559,
Teddy Swims Summer 2026 Tour Pittsburgh,2026-06-07T20:00:00.000Z,"Petersen Events Center, Pittsburgh, PA",160366528,6584553,
Teddy Swims Summer 2026 Tour Uncasville,2026-06-04T20:00:00.000Z,"Mohegan Sun Arena, Uncasville, CT",160365993,6584545,
Teddy Swims: The UGLY Tour,2026-09-23T19:00:00.000Z,Enterprise Center,160913585,6911907,
Teddy Swims: The UGLY Tour,2026-09-25T19:00:00.000Z,United Center,160913580,6911909,
Teddy Swims: The UGLY Tour,2026-09-26T19:00:00.000Z,Grand Casino Arena,160913637,6911911,
Teddy Swims: The UGLY Tour,2026-09-29T19:00:00.000Z,Little Caesars Arena,160913586,6911914,
Teddy Swims: The UGLY Tour,2026-09-30T19:00:00.000Z,Nationwide Arena,160913582,6911916,
Teddy Swims: The UGLY Tour,2026-10-02T19:00:00.000Z,Barclays Center,160913695,6911918,
Teddy Swims: The UGLY Tour,2026-10-09T19:00:00.000Z,TD Garden,160913639,6911924,
Teddy Swims: The UGLY Tour,2026-10-10T19:00:00.000Z,Xfinity Mobile Arena,160913644,6911926,
Teddy Swims: The UGLY Tour,2026-10-13T19:00:00.000Z,Capital One Arena,160913640,6911931,
Teddy Swims: The UGLY Tour,2026-10-16T19:00:00.000Z,Bridgestone Arena,160913584,6911935,
Teddy Swims: The UGLY Tour,2026-10-18T19:00:00.000Z,Spectrum Center,160913583,6911963,
Teddy Swims: The UGLY Tour,2026-10-20T19:00:00.000Z,State Farm Arena,160913588,6911967,
Teddy Swims: The UGLY Tour,2026-10-22T19:00:00.000Z,Kia Center,160913693,6911973,
Teddy Swims: The UGLY Tour,2026-10-25T19:00:00.000Z,Benchmark International Arena,160913636,6911979,
Teddy Swims: The UGLY Tour,2026-10-28T19:00:00.000Z,Moody Center ATX,160913645,6911989,
Teddy Swims: The UGLY Tour,2026-10-30T19:00:00.000Z,Dickies Arena,160913781,6911922,
Teddy Swims: The UGLY Tour,2026-11-01T19:00:00.000Z,Ball Arena,160913587,6912000,
Teddy Swims: The UGLY Tour,2026-11-05T19:00:00.000Z,Climate Pledge Arena,160913642,6911995,
Teddy Swims: The UGLY Tour,2026-11-08T19:00:00.000Z,Moda Center,160913641,6912006,
Teddy Swims: The UGLY Tour,2026-11-10T19:00:00.000Z,Chase Center,160913734,6912010,
Teddy Swims: The UGLY Tour,2026-11-11T19:00:00.000Z,Golden 1 Center,160913638,6912016,
Teddy Swims: The UGLY Tour,2026-11-16T19:00:00.000Z,Mortgage Matchup Center,160913643,6912020,
Teddy Swims: The UGLY Tour,2026-11-18T19:00:00.000Z,Kia Forum,160913589,6912024,
Tedeschi Trucks Band And Alabama Shakes Grand Rapids,2026-08-25T19:30:00.000Z,"Acrisure Amphitheater, Grand Rapids, MI",160345789,6570011,
Tedeschi Trucks Band And Alabama Shakes Noblesville,2026-08-22T19:30:00.000Z,"Ruoff Music Center, Noblesville, IN",160342638,6570002,
Tedeschi Trucks Band And Very Special Bridgeport,2026-09-04T19:00:00.000Z,"Hartford HealthCare Amphitheater, Bridgeport, CT",160346248,6570008,
Tedeschi Trucks Band And Very Special Bridgeport,2026-09-05T19:00:00.000Z,"Hartford HealthCare Amphitheater, Bridgeport, CT",160346247,6570004,
Tedeschi Trucks Band Future Soul 2026 Bethel New,2026-08-31T19:00:00.000Z,"Bethel Woods Center for the Arts, Bethel, NY",160345798,6569998,
Tedeschi Trucks Band Future Soul 2026 Chicago,2026-10-23T19:30:00.000Z,"The Chicago Theatre, Chicago, IL",160342090,6570120,
Tedeschi Trucks Band Future Soul 2026 Chicago,2026-10-24T19:30:00.000Z,"The Chicago Theatre, Chicago, IL",160342087,6570103,
Tedeschi Trucks Band Future Soul 2026 Chicago,2026-10-26T19:30:00.000Z,"The Chicago Theatre, Chicago, IL",160342088,6570100,
Tedeschi Trucks Band Future Soul 2026 Chicago,2026-10-27T19:30:00.000Z,"The Chicago Theatre, Chicago, IL",160342089,6570105,
Tedeschi Trucks Band Future Soul 2026 Gilford New,2026-09-06T19:00:00.000Z,https://www.ticketmaster.com/tedeschi-trucks-band-future-soul-2026-gilford-new-hampshire-09-06-2026/event/01006435D500EFF1#:~:text=BankNH%20Pavilion%2C%20Gilford%2C%20NH,160342091,6570014,
Tedeschi Trucks Band Future Soul 2026 Milwaukee,2026-10-21T19:00:00.000Z,"Landmark Credit Union Live, Milwaukee, WI",160345834,6570088,
Tedeschi Trucks Band Future Soul 2026 San Diego,2026-08-16T18:00:00.000Z,"The Rady Shell at Jacobs Park, San Diego, CA",160345786,6570069,
Tedeschi Trucks Band Lake Tahoe,2026-08-09T18:30:00.000Z,"Lake Tahoe Amphitheatre at Caesars Republic (formerly Harveys), Lake Tahoe, NV",160345782,6570065,
Tennessee Titans vs. Cleveland Browns,2026-10-25T12:00:00.000Z,Nissan Stadium,160424981,6493543,
Tennessee Titans vs. Houston Texans,2026-10-11T12:00:00.000Z,Nissan Stadium,160424982,6493536,
Tennessee Titans vs. Indianapolis Colts,2026-12-20T12:00:00.000Z,Nissan Stadium,160424983,6493539,
Tennessee Titans vs. Jacksonville Jaguars,2026-11-15T12:00:00.000Z,Nissan Stadium,160424978,6493541,
Tennessee Titans vs. New York Jets,2026-09-13T12:00:00.000Z,Nissan Stadium,160424986,6493575,
Tennessee Titans vs. Philadelphia Eagles,2026-09-20T12:00:00.000Z,Nissan Stadium,160424979,6493548,
Tennessee Titans vs. Pittsburgh Steelers,2027-01-03T12:00:00.000Z,Nissan Stadium,160424984,6493546,
Tennessee Titans vs. Washington Commanders,2026-12-06T12:00:00.000Z,Nissan Stadium,160424985,6493568,
The Black Crowes Tedeschi Trucks Band Hollywood,2026-08-17T19:00:00.000Z,"Hollywood Bowl, Hollywood, CA",160374466,6589498,
The R&B Tour - Starring Usher Raymond & Chris Brown,2026-06-26T19:00:00.000Z,Empower Field At Mile High,160895478,6903009,
The R&B Tour - Starring Usher Raymond & Chris Brown,2026-06-30T19:00:00.000Z,U.S. Bank Stadium,160895482,6903013,
The R&B Tour - Starring Usher Raymond & Chris Brown,2026-07-02T19:00:00.000Z,Ford Field,160895543,6903015,
The R&B Tour - Starring Usher Raymond & Chris Brown,2026-07-03T19:00:00.000Z,Ford Field,160895546,6903017,
The R&B Tour - Starring Usher Raymond & Chris Brown,2026-07-05T19:00:00.000Z,Ford Field,160974194,6946449,
The R&B Tour - Starring Usher Raymond & Chris Brown,2026-07-07T19:00:00.000Z,Huntington Bank Field,160895529,6903021,
The R&B Tour - Starring Usher Raymond & Chris Brown,2026-07-17T19:00:00.000Z,Bank of America Stadium,160870644,6892423,
The R&B Tour - Starring Usher Raymond & Chris Brown,2026-07-18T19:00:00.000Z,Bank of America Stadium,160961238,6936744,
The R&B Tour - Starring Usher Raymond & Chris Brown,2026-07-21T19:00:00.000Z,The Dome at America's Center,160895544,6903052,
The R&B Tour - Starring Usher Raymond & Chris Brown,2026-07-28T19:00:00.000Z,Protective Stadium,160895540,6903059,
The R&B Tour - Starring Usher Raymond & Chris Brown,2026-07-29T19:00:00.000Z,"Protective Stadium, Birmingham, AL",160976118,6948266,
The R&B Tour - Starring Usher Raymond & Chris Brown,2026-08-01T19:00:00.000Z,JMA Wireless Dome ,160895541,6903064,
The R&B Tour - Starring Usher Raymond & Chris Brown,2026-08-07T19:00:00.000Z,MetLife Stadium,160895483,6903069,
The R&B Tour - Starring Usher Raymond & Chris Brown,2026-08-08T19:00:00.000Z,MetLife Stadium,160895486,6903071,
The R&B Tour - Starring Usher Raymond & Chris Brown,2026-08-17T19:00:00.000Z,Gillette Stadium,160895476,6903079,
The R&B Tour - Starring Usher Raymond & Chris Brown,2026-08-21T19:00:00.000Z,Soldier Field,160895488,6903083,
The R&B Tour - Starring Usher Raymond & Chris Brown,2026-08-22T19:00:00.000Z,Soldier Field,160961289,6936746,
The R&B Tour - Starring Usher Raymond & Chris Brown,2026-08-28T19:00:00.000Z,Levi'sÂ® Stadium,160895545,6903087,
The R&B Tour - Starring Usher Raymond & Chris Brown,2026-08-29T19:00:00.000Z,Levi'sÂ® Stadium,160961288,6936730,
The R&B Tour - Starring Usher Raymond & Chris Brown,2026-09-01T19:00:00.000Z,"Levi'sÂ® Stadium, Santa Clara, CA",160976513,6948104,
The R&B Tour - Starring Usher Raymond & Chris Brown,2026-09-05T19:00:00.000Z,Allegiant Stadium,160895474,6903095,
The R&B Tour - Starring Usher Raymond & Chris Brown,2026-09-06T19:00:00.000Z,Allegiant Stadium,160895475,6903103,
The R&B Tour - Starring Usher Raymond & Chris Brown,2026-09-18T19:00:00.000Z,Allegiant Stadium,160976564,6948098,
The R&B Tour - Starring Usher Raymond & Chris Brown,2026-09-25T19:00:00.000Z,SoFi Stadium,160895477,6903117,
The R&B Tour - Starring Usher Raymond & Chris Brown,2026-09-26T19:00:00.000Z,SoFi Stadium,160895480,6903125,
The R&B Tour - Starring Usher Raymond & Chris Brown,2026-10-03T19:00:00.000Z,Sun Bowl Stadium,160895542,6903147,
The R&B Tour - Starring Usher Raymond & Chris Brown,2026-10-05T19:00:00.000Z,Alamodome,160895539,6903155,
The R&B Tour - Starring Usher Raymond & Chris Brown,2026-10-09T19:00:00.000Z,NRG Stadium,160895485,6903159,
The R&B Tour - Starring Usher Raymond & Chris Brown,2026-10-10T19:00:00.000Z,NRG Stadium,160961240,6936700,
The R&B Tour - Starring Usher Raymond & Chris Brown,2026-11-07T19:00:00.000Z,Mercedes-Benz Stadium,160895598,6903165,
The R&B Tour - Starring Usher Raymond & Chris Brown,2026-11-08T19:00:00.000Z,Mercedes-Benz Stadium,160895597,6903173,
The R&B Tour - Starring Usher Raymond & Chris Brown,2026-11-10T19:00:00.000Z,Mercedes-Benz Stadium,160961243,6936708,
The R&B Tour - Starring Usher Raymond & Chris Brown,2026-11-11T19:00:00.000Z,"Mercedes-Benz Stadium, Atlanta, GA",160975761,6947689,
The R&B Tour - Starring Usher Raymond & Chris Brown,2026-11-15T19:00:00.000Z,"SoFi Stadium, Inglewood, CA",160961239,6936702,
The R&B Tour - Starring Usher Raymond & Chris Brown,2026-11-20T19:00:00.000Z,Caesars Superdome ,160895628,6903179,
The R&B Tour - Starring Usher Raymond & Chris Brown,2026-11-21T19:00:00.000Z,"Caesars Superdome , New Orleans, LA",160971953,6946224,
The R&B Tour - Starring Usher Raymond & Chris Brown,2026-11-24T19:00:00.000Z,"NRG Stadium, Houston, TX",160979672,6949043,
The R&B Tour - Starring Usher Raymond & Chris Brown,2026-12-03T19:00:00.000Z,Hard Rock Stadium,160895479,6903183,
The R&B Tour - Starring Usher Raymond & Chris Brown,2026-12-05T19:00:00.000Z,"Hard Rock Stadium, MIAMI GARDENS, FL",160971954,6945835,
The R&B Tour - Starring Usher Raymond & Chris Brown,2026-12-11T19:00:00.000Z,Raymond James Stadium,160895487,6903185,
The R&B Tour - Starring Usher Raymond & Chris Brown,2026-12-12T19:00:00.000Z,"Raymond James Stadium, Tampa, FL",160961242,6936853,
The Rb Lovers Tour Chicago,2026-06-19T20:00:00.000Z,"Credit Union 1 Arena at UIC, Chicago, IL",159351309,5993858,
The Rb Lovers Tour Detroit,2026-06-20T20:00:00.000Z,"Fox Theatre Detroit, Detroit, MI",159350187,5993864,
The Rb Lovers Tour Fort Worth,2026-06-12T20:00:00.000Z,"Dickies Arena, Fort Worth, TX",159350248,5993843,
The Red Clay Strays,2026-08-09T18:30:00.000Z,"Madison Square Garden, New York, NY",159818714,6268539,
The Return Of The Carnival Of Albuquerque New,2026-09-13T18:30:00.000Z,"First Financial Credit Union Amphitheater, Albuquerque, NM",159894144,6313769,
The Return Of The Carnival Of Alpharetta,2026-08-12T18:30:00.000Z,"Ameris Bank Amphitheatre, Alpharetta, GA",159893554,6313705,
The Return Of The Carnival Of Bangor,2026-07-25T18:30:00.000Z,"Maine Savings Amphitheater, Bangor, ME",159893854,6313679,
The Return Of The Carnival Of Bristow,2026-08-03T18:30:00.000Z,"Jiffy Lube Live, Bristow, VA",159893569,6313701,
The Return Of The Carnival Of Burgettstown,2026-07-17T18:30:00.000Z,"The Pavilion at Star Lake, Burgettstown, PA",159893551,6313661,
The Return Of The Carnival Of Charlotte North,2026-08-17T18:30:00.000Z,"Truliant Amphitheater, Charlotte, NC",159893559,6313717,
The Return Of The Carnival Of Chula Vista,2026-09-18T18:30:00.000Z,"North Island Credit Union Amphitheatre, Chula Vista, CA",159894264,6313783,
The Return Of The Carnival Of Cincinnati,2026-08-25T18:30:00.000Z,"Riverbend Music Center, Cincinnati, OH",160262402,6313739,
The Return Of The Carnival Of Clarkston,2026-07-20T18:30:00.000Z,"Pine Knob Music Theatre, Clarkston, MI",159893572,6313669,
The Return Of The Carnival Of Cuyahoga Falls,2026-08-24T18:30:00.000Z,"Blossom Music Center, Cuyahoga Falls, OH",159893561,6313735,
The Return Of The Carnival Of Dallas,2026-09-10T18:30:00.000Z,"Dos Equis Pavilion, Dallas, TX",159893574,6313763,
The Return Of The Carnival Of Darien Center New,2026-07-18T19:00:00.000Z,"Darien Lake Amphitheater, Darien Center, NY",159893777,6313667,
The Return Of The Carnival Of Gilford New,2026-07-24T18:30:00.000Z,"BankNH Pavilion, Gilford, NH",159893556,6313673,
The Return Of The Carnival Of Grand Rapids,2026-08-27T18:30:00.000Z,"Acrisure Amphitheater, Grand Rapids, MI",159894085,6313745,
The Return Of The Carnival Of Long Beach,2026-09-19T18:30:00.000Z,"Long Beach Amphitheater, Long Beach, CA",159894282,6313813,
The Return Of The Carnival Of Mansfield,2026-08-01T18:30:00.000Z,"Xfinity Center, Mansfield, MA",159893945,6313697,
The Return Of The Carnival Of Maryland Heights,2026-08-19T18:30:00.000Z,"Hollywood Casino Amphitheater, Maryland Heights, MO",159893570,6313725,
The Return Of The Carnival Of Mountain View,2026-09-24T18:30:00.000Z,"Shoreline Amphitheatre, Mountain View, CA",159894536,6313823,
The Return Of The Carnival Of Noblesville,2026-08-28T18:30:00.000Z,"Ruoff Music Center, Noblesville, IN",159893560,6313755,
The Return Of The Carnival Of Phoenix,2026-09-16T18:30:00.000Z,"Talking Stick Resort Amphitheatre, Phoenix, AZ",159893567,6313777,
The Return Of The Carnival Of Ridgefield,2026-09-26T18:30:00.000Z,"Cascades Amphitheater, Ridgefield, WA",159894540,6313827,
The Return Of The Carnival Of Riverside,2026-09-08T18:30:00.000Z,"Morton Amphitheater, Riverside, MO",159894122,6313759,
The Return Of The Carnival Of Saratoga Springs New,2026-07-29T18:30:00.000Z,"Saratoga Performing Arts Center, Saratoga Springs, NY",159893564,6313687,
The Return Of The Carnival Of Tampa,2026-08-15T18:30:00.000Z,"MIDFLORIDA Credit Union Amphitheatre at the FL State Fairgrounds, Tampa, FL",159893573,6313713,
The Return Of The Carnival Of The Woodlands,2026-09-11T18:30:00.000Z,"The Cynthia Woods Mitchell Pavilion sponsored by Huntsman, THE WOODLANDS, TX",159893568,6313765,
The Return Of The Carnival Of Tinley Park,2026-08-22T18:30:00.000Z,"Credit Union 1 Amphitheatre, Tinley Park, IL",159893563,6313731,
The Return Of The Carnival Of West Palm Beach,2026-08-14T18:30:00.000Z,"iTHINK Financial Amphitheatre , West Palm Beach, FL",159893571,6313709,
The Return Of The Carnival Of West Valley City,2026-09-21T18:30:00.000Z,"Utah First Credit Union Amphitheatre, West Valley City, UT",159894525,6313815,
The Return Of The Carnival Of Wheatland,2026-09-23T18:30:00.000Z,"Toyota Amphitheatre, Wheatland, CA",159894531,6313821,
The Rochester Rb Festival Rochester New,2026-09-05T20:00:00.000Z,"Blue Cross Arena, Rochester, NY",160542840,6694767,
The Strokes - Reality Awaits North America,2026-06-15T19:00:00.000Z,Pine Knob Music Theatre,160878682,6897735,
The Strokes - Reality Awaits North America,2026-06-17T19:00:00.000Z,United Center,160878685,6897759,
The Strokes - Reality Awaits North America,2026-06-19T19:00:00.000Z,Blossom Music Center,160878678,6897737,
The Strokes - Reality Awaits North America,2026-06-23T19:00:00.000Z,TD Garden,160878675,6897799,
The Strokes - Reality Awaits North America,2026-06-26T19:00:00.000Z,TD Pavilion at Highmark Mann,160878680,6897769,
The Strokes - Reality Awaits North America,2026-07-14T19:00:00.000Z,Riverbend Music Center,160878785,6897775,
The Strokes - Reality Awaits North America,2026-07-15T19:00:00.000Z,Ruoff Music Center,160878672,6897739,
The Strokes - Reality Awaits North America,2026-07-17T19:00:00.000Z,American Family Insurance Amphitheater - Summerfest Grounds,160878683,6897773,
The Strokes - Reality Awaits North America,2026-08-28T19:00:00.000Z,Climate Pledge Arena,160878671,6897755,
The Strokes - Reality Awaits North America,2026-09-12T19:00:00.000Z,Benchmark International Arena,160878673,6897781,
The Strokes - Reality Awaits North America,2026-09-13T19:00:00.000Z,Hard Rock Live,160878788,6897805,
The Strokes - Reality Awaits North America,2026-09-17T19:00:00.000Z,Truliant Amphitheater,160878681,6897733,
The Temptations The Four Tops Bethlehem,2026-06-06T20:00:00.000Z,"The Wind Creek Event Center , Bethlehem, PA",159739759,6198996,
The Temptations The Four Tops Bossier City,2026-06-19T20:00:00.000Z,"Margaritaville Resort Casino, Bossier City, LA",160609551,6741984,
The Temptations The Four Tops Cerritos,2026-09-19T20:00:00.000Z,"Cerritos Center for the Performing Arts, Cerritos, CA",160468413,6643653,
The Temptations The Four Tops Louisville,2026-10-10T20:00:00.000Z,"The Louisville Palace, Louisville, KY",160600131,6728203,
Theresa Caputo Live Fort Wayne,2026-06-18T19:30:00.000Z,"Embassy Theatre, Fort Wayne, IN",159525412,5738024,
Theresa Caputo Live The Experience National Harbor,2026-06-05T20:00:00.000Z,"The Theater at MGM National Harbor, NATIONAL HARBOR, MD",160355317,6579872,
Theresa Caputo Live The Experience Virginia Beach,2026-06-20T20:00:00.000Z,"The Dome by Rutter Mills, Virginia Beach, VA",160355353,6579939,
Third Round: Knights at Colorado Avalanche Rd 3 Hm Gm 2,2026-05-22T18:00:00.000Z,Ball Arena,160467380,6639475,
Third Round: Knights at Colorado Avalanche Rd 3 Hm Gm 3,2026-05-28T18:00:00.000Z,Ball Arena,160467468,6639477,
Third Round: Knights at Colorado Avalanche Rd 3 Hm Gm 4,2026-06-01T18:00:00.000Z,Ball Arena,160467467,6639479,
Tim Mcgraw Pawn Shop Guitar Tour Alpharetta,2026-09-24T19:00:00.000Z,"Ameris Bank Amphitheatre, Alpharetta, GA",160411984,6613150,
Tim Mcgraw Pawn Shop Guitar Tour Austin,2026-09-10T19:00:00.000Z,"Moody Center ATX, Austin, TX",160411979,6613138,
Tim Mcgraw Pawn Shop Guitar Tour Bethel New,2026-07-09T19:00:00.000Z,"Bethel Woods Center for the Arts, Bethel, NY",160412618,6613106,
Tim Mcgraw Pawn Shop Guitar Tour Birmingham,2026-08-13T19:00:00.000Z,"Coca-Cola Amphitheater, Birmingham, AL",160412634,6613126,
Tim Mcgraw Pawn Shop Guitar Tour Bristow,2026-08-15T19:00:00.000Z,"Jiffy Lube Live, Bristow, VA",160411968,6613110,
Tim Mcgraw Pawn Shop Guitar Tour Burgettstown,2026-07-18T19:00:00.000Z,"The Pavilion at Star Lake, Burgettstown, PA",160411964,6613070,
Tim Mcgraw Pawn Shop Guitar Tour Camden New,2026-07-23T19:00:00.000Z,"Freedom Mortgage Pavilion , Camden, NJ",160411967,6613072,
Tim Mcgraw Pawn Shop Guitar Tour Charleston South,2026-08-08T19:00:00.000Z,"Credit One Stadium , Charleston, SC",160412633,6613118,
Tim Mcgraw Pawn Shop Guitar Tour Charlotte North,2026-08-14T19:00:00.000Z,"Truliant Amphitheater, Charlotte, NC",160411981,6613112,
Tim Mcgraw Pawn Shop Guitar Tour Cincinnati,2026-08-27T19:00:00.000Z,"Riverbend Music Center, Cincinnati, OH",160412638,6613130,
Tim Mcgraw Pawn Shop Guitar Tour Clarkston,2026-08-28T19:00:00.000Z,"Pine Knob Music Theatre, Clarkston, MI",160411966,6613330,
Tim Mcgraw Pawn Shop Guitar Tour Cuyahoga Falls,2026-07-17T19:00:00.000Z,"Blossom Music Center, Cuyahoga Falls, OH",160411977,6613066,
Tim Mcgraw Pawn Shop Guitar Tour Dallas,2026-09-11T19:00:00.000Z,"Dos Equis Pavilion, Dallas, TX",160411974,6613104,
Tim Mcgraw Pawn Shop Guitar Tour Darien Center New,2026-08-01T19:00:00.000Z,"Darien Lake Amphitheater, Darien Center, NY",160412630,6613120,
Tim Mcgraw Pawn Shop Guitar Tour East Troy,2026-08-22T19:00:00.000Z,"Alpine Valley Music Theatre, East Troy, WI",160412640,6613094,
Tim Mcgraw Pawn Shop Guitar Tour Grand Rapids,2026-08-29T19:00:00.000Z,"Acrisure Amphitheater, Grand Rapids, MI",160412644,6613134,
Tim Mcgraw Pawn Shop Guitar Tour Hershey,2026-07-11T15:00:00.000Z,"Hersheypark Stadium, Hershey, PA",160411972,6613092,
Tim Mcgraw Pawn Shop Guitar Tour Maryland Heights,2026-09-17T19:00:00.000Z,"Hollywood Casino Amphitheater, Maryland Heights, MO",160411971,6613144,
Tim Mcgraw Pawn Shop Guitar Tour Minneapolis,2026-08-23T19:00:00.000Z,"Target Field, Minneapolis, MN",160411973,6613128,
Tim Mcgraw Pawn Shop Guitar Tour Noblesville,2026-09-18T19:00:00.000Z,"Ruoff Music Center, Noblesville, IN",160411982,6613146,
Tim Mcgraw Pawn Shop Guitar Tour Raleigh North,2026-08-07T19:00:00.000Z,"Coastal Credit Union Music Park at Walnut Creek, Raleigh, NC",160411970,6613124,
Tim Mcgraw Pawn Shop Guitar Tour Riverside,2026-08-21T19:00:00.000Z,"Morton Amphitheater, Riverside, MO",160412639,6613172,
Tim Mcgraw Pawn Shop Guitar Tour Saratoga Springs New,2026-07-25T19:00:00.000Z,"Saratoga Performing Arts Center, Saratoga Springs, NY",160411978,6613116,
Tim Mcgraw Pawn Shop Guitar Tour Syracuse New,2026-07-31T19:00:00.000Z,"Empower Federal Credit Union Amphitheater at Lakeview, Syracuse, NY",160412631,6613042,
Tim Mcgraw Pawn Shop Guitar Tour Tampa,2026-09-25T19:00:00.000Z,"MIDFLORIDA Credit Union Amphitheatre at the FL State Fairgrounds, Tampa, FL",160342654,6613152,
Tim Mcgraw Pawn Shop Guitar Tour Tinley Park,2026-09-19T19:00:00.000Z,"Credit Union 1 Amphitheatre, Tinley Park, IL",160411983,6613148,
Tim Mcgraw Pawn Shop Guitar Tour Virginia Beach,2026-08-06T19:00:00.000Z,"Veterans United Home Loans Amphitheater at Virginia Beach, Virginia Beach, VA",160411963,6613122,
Tim Mcgraw Pawn Shop Guitar Tour Wantagh New,2026-07-24T19:00:00.000Z,"Northwell at Jones Beach Theater, Wantagh, NY",160411965,6613064,
Tim Mcgraw Pawn Shop Guitar Tour West Palm Beach,2026-09-26T19:00:00.000Z,"iTHINK Financial Amphitheatre , West Palm Beach, FL",160411985,6613154,
Tom Papa Grateful Bread Tour Atlantic City New,2026-07-10T21:00:00.000Z,"Music Box at the Borgata, Atlantic City, NJ",160035776,6397092,
Tom Papa Grateful Bread Tour Atlantic City New,2026-07-11T21:00:00.000Z,"Music Box at the Borgata, Atlantic City, NJ",160035778,6397094,
Tom Papa Grateful Bread Tour Ojai,2026-06-20T19:00:00.000Z,"Libbey Bowl, Ojai, CA",160564876,6707622,
Tommee Profitt - The Birth of a King,2026-12-13T19:00:00.000Z,"Bridgestone Arena, Nashville, TN",160028829,6394930,
Tori Amos In Times Of Dragons Indianapolis,2026-08-11T19:00:00.000Z,"Old National Centre, Indianapolis, IN",160313712,6547869,
Tori Amos In Times Of Dragons Louisville,2026-08-10T19:00:00.000Z,"The Louisville Palace, Louisville, KY",160313708,6547858,
Tori Amos In Times Of Dragons Phoenix,2026-08-23T19:00:00.000Z,"Arizona Financial Theatre, Phoenix, AZ",160312312,6547885,
Tori Amos In Times Of Dragons Saint Louis,2026-08-17T19:00:00.000Z,"Stifel Theatre, SAINT LOUIS, MO",160313728,6547871,
Treaty Oak Revival West Texas Degenerate West Valley City,2026-07-18T19:00:00.000Z,"Utah First Credit Union Amphitheatre, West Valley City, UT",160019825,6387750,
Trevor Noah Bend,2026-07-22T19:30:00.000Z,"Hayden Homes Amphitheater, Bend, OR",160367826,6585882,
Ty Myers Boston,2026-05-28T19:00:00.000Z,"Leader Bank Pavilion, Boston, MA",159812282,6265658,
U.S. Men's National Team v Germany Coca-Cola Send-Off Match,2026-06-06T13:30:00.000Z,"Soldier Field, Chicago, IL",159995466,6371549,
Vince Gill 50 Years From Home Pensacola,2026-08-22T19:30:00.000Z,"Pensacola Saenger Theatre, Pensacola, FL",160457373,6637887,
Vince Gill 50 Years From Home Shreveport,2026-08-21T19:30:00.000Z,"Shreveport Municipal Memorial Auditorium, Shreveport, LA",160457377,6637893,
Vince Gill Columbia South,2026-08-14T19:30:00.000Z,"Township Auditorium, Columbia, SC",160456245,6637581,
Vince Gill Greensboro North,2026-08-13T19:30:00.000Z,"Steven Tanger Center for the Performing Arts, Greensboro, NC",160456244,6637572,
Vince Gill Memphis,2026-08-29T19:30:00.000Z,"The Orpheum Theatre Memphis, Memphis, TN",160457382,6637917,
Wale Smino Everything Is A Lot Detroit,2026-06-30T19:00:00.000Z,"The Fillmore Detroit, Detroit, MI",160481725,6648082,
Washington Commanders vs. Atlanta Falcons,2026-12-20T13:00:00.000Z,Northwest Stadium,160427051,6493330,
Washington Commanders vs. Cincinnati Bengals,2026-11-23T20:15:00.000Z,Northwest Stadium,160427046,6493332,
Washington Commanders vs. Houston Texans,2026-12-13T13:00:00.000Z,Northwest Stadium,160427052,6493325,
Washington Commanders vs. Los Angeles Rams,2026-11-08T13:00:00.000Z,Northwest Stadium,160427053,6493311,
Washington Commanders vs. New York Giants,2026-10-11T13:00:00.000Z,Northwest Stadium,160427047,6493301,
Washington Commanders vs. Philadelphia Eagles,2026-11-01T20:20:00.000Z,Northwest Stadium,160427055,6493307,
Washington Commanders vs. Seattle Seahawks,2026-09-27T13:00:00.000Z,Northwest Stadium,160427048,6493321,
We Them Ones Comedy Tour Glendale,2026-05-22T19:00:00.000Z,"Desert Diamond Arena, Glendale, AZ",159803091,6260138,
Weird Al Yankovic Bigger And Weirder Atlantic City New,2026-07-17T20:00:00.000Z,"Borgata Event Center, Atlantic City, NJ",159887860,6310246,
Weird Al Yankovic Bigger Weirder 2026 Alpharetta,2026-05-31T19:30:00.000Z,"Ameris Bank Amphitheatre, Alpharetta, GA",159886851,6310131,
Weird Al Yankovic Bigger Weirder 2026 Anaheim,2026-09-19T20:00:00.000Z,"Honda Center, Anaheim, CA",159887161,6310348,
Weird Al Yankovic Bigger Weirder 2026 Augusta,2026-06-02T19:30:00.000Z,"Bell Auditorium, Augusta, GA",159886827,6310133,
Weird Al Yankovic Bigger Weirder 2026 Austin,2026-09-22T19:30:00.000Z,"Moody Center ATX, Austin, TX",159887183,6310356,
Weird Al Yankovic Bigger Weirder 2026 Bangor,2026-07-19T19:30:00.000Z,"Maine Savings Amphitheater, Bangor, ME",159887724,6310254,
Weird Al Yankovic Bigger Weirder 2026 Baton Rouge,2026-09-23T19:30:00.000Z,"Raising Canes River Center Arena, Baton Rouge, LA",159887779,6310358,
Weird Al Yankovic Bigger Weirder 2026 Belmont Park New,2026-07-11T20:00:00.000Z,"UBS Arena, Belmont Park, NY",159887200,6310226,
Weird Al Yankovic Bigger Weirder 2026 Bend,2026-09-06T19:00:00.000Z,"Hayden Homes Amphitheater, Bend, OR",159887803,6310320,
Weird Al Yankovic Bigger Weirder 2026 Birmingham,2026-10-02T20:00:00.000Z,"Coca-Cola Amphitheater, Birmingham, AL",159887878,6310368,
Weird Al Yankovic Bigger Weirder 2026 Boston,2026-07-18T20:00:00.000Z,"TD Garden, Boston, MA",159887148,6310248,
Weird Al Yankovic Bigger Weirder 2026 Brandon,2026-10-04T19:30:00.000Z,"Brandon Amphitheater, Brandon, MS",159887893,6310372,
Weird Al Yankovic Bigger Weirder 2026 Bridgeport,2026-07-28T19:30:00.000Z,"Hartford HealthCare Amphitheater, Bridgeport, CT",159888219,6310266,
Weird Al Yankovic Bigger Weirder 2026 Burgettstown,2026-08-01T20:00:00.000Z,"The Pavilion at Star Lake, Burgettstown, PA",159887836,6310280,
Weird Al Yankovic Bigger Weirder 2026 Camdenton,2026-06-12T20:00:00.000Z,"Ozarks Amphitheater, Camdenton, MO",159886544,6310151,
Weird Al Yankovic Bigger Weirder 2026 Cedar Rapids,2026-07-01T19:30:00.000Z,"Alliant Energy PowerHouse, Cedar Rapids, IA",159887811,6310187,
Weird Al Yankovic Bigger Weirder 2026 Charleston West,2026-06-06T20:00:00.000Z,"Charleston Coliseum, Charleston, WV",159886786,6310139,
Weird Al Yankovic Bigger Weirder 2026 Charlottesville,2026-10-08T19:30:00.000Z,"John Paul Jones Arena, Charlottesville, VA",159886875,6310390,
Weird Al Yankovic Bigger Weirder 2026 Chattanooga,2026-10-06T19:30:00.000Z,"Soldiers and Sailors Memorial Auditorium, Chattanooga, TN",159888212,6310376,
Weird Al Yankovic Bigger Weirder 2026 Chicago,2026-06-27T20:00:00.000Z,Illinois,159887178,6310107,
Weird Al Yankovic Bigger Weirder 2026 Columbus,2026-08-05T19:00:00.000Z,"Ohio Expo Center & State Fair, Columbus, OH",159893486,6311101,
Weird Al Yankovic Bigger Weirder 2026 Duluth,2026-06-26T20:00:00.000Z,"AMSOIL Arena, Duluth, MN",159886728,6310179,
Weird Al Yankovic Bigger Weirder 2026 Estero,2026-05-27T19:30:00.000Z,"Hertz Arena, Estero, FL",159886880,6310123,
Weird Al Yankovic Bigger Weirder 2026 Evansville,2026-06-16T19:30:00.000Z,"Ford Center, Evansville, IN",159886765,6310157,
Weird Al Yankovic Bigger Weirder 2026 Fort Wayne,2026-10-15T19:30:00.000Z,"Allen County War Memorial Coliseum, Fort Wayne, IN",159888102,6310458,
Weird Al Yankovic Bigger Weirder 2026 Fort Worth,2026-09-25T20:00:00.000Z,"Dickies Arena, Fort Worth, TX",159887153,6310360,
Weird Al Yankovic Bigger Weirder 2026 Fresno,2026-09-12T20:00:00.000Z,"Save Mart Center, Fresno, CA",159887276,6310324,
Weird Al Yankovic Bigger Weirder 2026 Gilford New,2026-07-22T19:30:00.000Z,"BankNH Pavilion, Gilford, NH",159887069,6310262,
Weird Al Yankovic Bigger Weirder 2026 Grand Forks North,2026-08-29T20:00:00.000Z,"Alerus Center, Grand Forks, ND",159887906,6310310,
Weird Al Yankovic Bigger Weirder 2026 Grand Rapids,2026-07-03T20:00:00.000Z,"Acrisure Amphitheater, Grand Rapids, MI",159887816,6310193,
Weird Al Yankovic Bigger Weirder 2026 Greensboro North,2026-06-05T20:00:00.000Z,"First Horizon Coliseum, Greensboro, NC",159886726,6310137,
Weird Al Yankovic Bigger Weirder 2026 Greenville South,2026-05-30T20:00:00.000Z,"Bon Secours Wellness Arena , Greenville, SC",159886732,6310129,
Weird Al Yankovic Bigger Weirder 2026 Hershey,2026-07-31T20:00:00.000Z,"GIANT Center, Hershey, PA",159887287,6310276,
Weird Al Yankovic Bigger Weirder 2026 Hollywood,2026-05-26T19:30:00.000Z,"Hard Rock Live, HOLLYWOOD, FL",159886940,6310119,
Weird Al Yankovic Bigger Weirder 2026 Holmdel New,2026-07-12T19:30:00.000Z,"PNC Bank Arts Center, Holmdel, NJ",159886882,6310236,
Weird Al Yankovic Bigger Weirder 2026 Kansas City,2026-06-19T20:00:00.000Z,"Morton Amphitheater, Kansas City, MO",159887669,6310163,
Weird Al Yankovic Bigger Weirder 2026 Knoxville,2026-09-27T19:30:00.000Z,"Food City Center, Knoxville, TN",159888228,6310364,
Weird Al Yankovic Bigger Weirder 2026 Lincoln,2026-09-11T19:30:00.000Z,"The Venue at Thunder Valley Casino Resort, Lincoln, CA",159888217,6311157,
Weird Al Yankovic Bigger Weirder 2026 Louisville,2026-06-14T19:30:00.000Z,"KFC Yum! Center, Louisville, KY",159886761,6310153,
Weird Al Yankovic Bigger Weirder 2026 Milwaukee,2026-10-17T20:00:00.000Z,"Fiserv Forum, Milwaukee, WI",159887170,6310482,
Weird Al Yankovic Bigger Weirder 2026 Noblesville,2026-08-06T19:30:00.000Z,"Ruoff Music Center, Noblesville, IN",159887180,6310300,
Weird Al Yankovic Bigger Weirder 2026 North Charleston South,2026-06-09T19:30:00.000Z,"North Charleston Coliseum, North Charleston, SC",159886804,6310147,
Weird Al Yankovic Bigger Weirder 2026 North Little Rock,2026-06-20T20:00:00.000Z,"Simmons Bank Arena , North Little Rock, AR",159886741,6310169,
Weird Al Yankovic Bigger Weirder 2026 Omaha,2026-06-28T20:00:00.000Z,"Baxter Arena, Omaha, NE",159887768,6310181,
Weird Al Yankovic Bigger Weirder 2026 Orange Beach,2026-10-03T20:00:00.000Z,"The Wharf Amphitheater, Orange Beach, AL",159887895,6310370,
Weird Al Yankovic Bigger Weirder 2026 Orlando,2026-05-29T20:00:00.000Z,"Kia Center, Orlando, FL",159886740,6310127,
Weird Al Yankovic Bigger Weirder 2026 Palm Desert,2026-09-13T19:30:00.000Z,"Acrisure Arena at Greater Palm Springs, Palm Desert, CA",159886645,6310336,
Weird Al Yankovic Bigger Weirder 2026 Paso Robles,2026-09-15T19:30:00.000Z,"Vina Robles Amphitheatre, Paso Robles, CA",159887846,6310338,
Weird Al Yankovic Bigger Weirder 2026 Peoria,2026-10-13T19:30:00.000Z,"Peoria Civic Center, Peoria, IL",159887874,6310440,
Weird Al Yankovic Bigger Weirder 2026 Pikeville,2026-06-10T19:30:00.000Z,"Appalachian Wireless Arena (Formerly Eastern Kentucky Expo Ctr), Pikeville, KY",159886769,6310149,
Weird Al Yankovic Bigger Weirder 2026 Saginaw,2026-07-07T19:30:00.000Z,"Dow Event Center, Saginaw, MI",159887749,6310197,
Weird Al Yankovic Bigger Weirder 2026 Salem,2026-10-07T19:30:00.000Z,"Salem Civic Center, Salem, VA",159887838,6310380,
Weird Al Yankovic Bigger Weirder 2026 San Diego,2026-09-16T19:00:00.000Z,"The Rady Shell at Jacobs Park, San Diego, CA",159886462,6310340,
Weird Al Yankovic Bigger Weirder 2026 Savannah,2026-06-03T19:30:00.000Z,"Enmarket Arena, Savannah, GA",159886902,6310135,
Weird Al Yankovic Bigger Weirder 2026 Sioux Falls South,2026-06-30T19:30:00.000Z,"Denny Sanford PREMIER Center, Sioux Falls, SD",159887336,6310185,
Weird Al Yankovic Bigger Weirder 2026 Southaven,2026-09-26T20:00:00.000Z,"Landers Center , Southaven, MS",159887809,6310362,
Weird Al Yankovic Bigger Weirder 2026 Syracuse New,2026-07-10T20:00:00.000Z,"Empower Federal Credit Union Amphitheater at Lakeview, Syracuse, NY",159887813,6310216,
Weird Al Yankovic Bigger Weirder 2026 Tallahassee,2026-09-30T19:30:00.000Z,"Donald L. Tucker Civic Center, Tallahassee, FL",159888214,6310366,
Weird Al Yankovic Bigger Weirder 2026 Toledo,2026-10-10T20:00:00.000Z,"Huntington Center, Toledo, OH",159887795,6310396,
Weird Al Yankovic Bigger Weirder 2026 Tucson,2026-09-20T19:30:00.000Z,"Tucson Arena, Tucson, AZ",159887891,6310352,
Weird Al Yankovic Bigger Weirder 2026 Uncasville,2026-07-15T19:30:00.000Z,"Mohegan Sun Arena, Uncasville, CT",159887163,6310242,
Weird Al Yankovic Bigger Weirder 2026 University Park,2026-10-11T19:30:00.000Z,"Bryce Jordan Center, University Park, PA",159887254,6310412,
West Conf Finals: Spurs at Thunder Rd 3 Hm Gm 2,2026-05-20T19:30:00.000Z,Paycom Center,160287470,6631109,
West Conf Finals: Spurs at Thunder Rd 3 Hm Gm 3,2026-05-26T19:30:00.000Z,Paycom Center,160287465,6631111,
West Conf Finals: Spurs at Thunder Rd 3 Hm Gm 4,2026-05-30T19:00:00.000Z,Paycom Center,160287471,6631113,
Willie Nelson's 4th of July Picnic and Fireworks,2026-07-04T15:30:00.000Z,Germania Insurance Amphitheater,160751300,6822015,
Window World 450 Nascar Cup Series North Wilkesboro North,2026-07-19T19:00:00.000Z,"North Wilkesboro Speedway, North Wilkesboro, NC",159211898,5953998,
Wmgk Big Gig 2026 The Return Camden New,2026-07-27T18:30:00.000Z,"Freedom Mortgage Pavilion , Camden, NJ",159893553,6313683,
Women's Singles Semifinals,2026-09-10T19:00:00.000Z,Arthur Ashe Stadium,159351469,5990417,
Wtts Rock On The River Mt Indianapolis,2026-09-15T19:00:00.000Z,"Everwise Amphitheater at White River State Park, Indianapolis, IN",160408315,6610008,
WWE Saturday Night's Main Event,2026-07-18T19:30:00.000Z,Madison Square Garden,160791452,6848755,
Ylive 2026 Featuring Eric Church Ernest Youngstown,2026-07-11T18:30:00.000Z,"Stambaugh Stadium, Youngstown, OH",160323852,6445711,
YOASOBI: Never Ending Stories Tour,2026-08-04T20:00:00.000Z,TD Garden,160905103,6907213,
YOASOBI: Never Ending Stories Tour,2026-08-06T20:00:00.000Z,Barclays Center,160905104,6907211,
YOASOBI: Never Ending Stories Tour,2026-08-12T20:00:00.000Z,Climate Pledge Arena,160905102,6907209,
YOASOBI: Never Ending Stories Tour,2026-08-14T20:00:00.000Z,Oakland Arena,160905106,6907221,
YOASOBI: Never Ending Stories Tour,2026-08-16T20:00:00.000Z,Hollywood Bowl,160905105,6907225,
YUNGBLUD: IDOLS - THE WORLD TOUR,2026-05-25T20:00:00.000Z,"Arizona Financial Theatre, Phoenix, AZ",159543665,6110606,
YUNGBLUD: IDOLS - THE WORLD TOUR,2026-05-28T20:00:00.000Z,"The Pavilion at Toyota Music Factory, Irving, TX",159543760,6110573,
YUNGBLUD: IDOLS - THE WORLD TOUR,2026-05-29T20:00:00.000Z,"Moody Amphitheater, Austin, TX",159543599,6110574,
Zach Bryan - With Heaven On Tour,2026-07-25T19:00:00.000Z,"Autzen Stadium, Eugene, OR",160007349,6379980,
Zach Bryan - With Heaven On Tour,2026-08-01T18:30:00.000Z,"Snapdragon Stadium, San Diego, CA",159935784,6338929,
Zach Bryan - With Heaven On Tour,2026-10-02T19:00:00.000Z,"Gillette Stadium, Foxborough, MA",159935826,6338949,
Zach Bryan - With Heaven On Tour,2026-10-03T19:00:00.000Z,"Gillette Stadium, Foxborough, MA",159935836,6338957,
Zach Top: Cold Beer & Country Music Tour 2026,2026-06-12T19:00:00.000Z,The Wharf Amphitheater,160861840,6888559,
Zach Top: Cold Beer & Country Music Tour 2026,2026-06-20T20:00:00.000Z,Merriweather Post Pavilion,160861778,6887175,
Zach Top: Cold Beer & Country Music Tour 2026,2026-07-09T19:00:00.000Z,Utah First Credit Union Amphitheatre,160861841,6887118,
Zach Top: Cold Beer & Country Music Tour 2026,2026-07-10T20:00:00.000Z,ExtraMile Arena,160861843,6887124,
Zach Top: Cold Beer & Country Music Tour 2026,2026-08-08T20:00:00.000Z,Constellation Brands-Marvin Sands Performing Arts Center: CMAC,160861839,6887136,
Zach Top: Cold Beer & Country Music Tour 2026,2026-08-13T19:00:00.000Z,Northwell at Jones Beach Theater,160861842,6887145,
Zach Top: Cold Beer & Country Music Tour 2026,2026-08-20T20:00:00.000Z,PPG Paints Arena,160861776,6887151,
Zach Top: Cold Beer & Country Music Tour 2026,2026-08-21T20:00:00.000Z,PPL Center,160863194,6887155,
Zach Top: Cold Beer & Country Music Tour 2026,2026-08-28T19:00:00.000Z,BankNH Pavilion,160861777,6887166,
Zakir Khan Boston,2026-05-22T19:00:00.000Z,"Boch Center Wang Theatre, Boston, MA",159570321,6121640,
